<?xml version="1.0" encoding="UTF-8"?>
<kml xmlns="http://www.opengis.net/kml/2.2" xmlns:gx="http://www.google.com/kml/ext/2.2" xmlns:kml="http://www.opengis.net/kml/2.2" xmlns:atom="http://www.w3.org/2005/Atom">
<Document id="document">
	<name>茶山地名</name>
	<Schema name="__managed_schema" id="__managed_schema">
		<SimpleField type="string" name="COL5E65D4989899E504">
			<displayName>VILLCODE</displayName>
		</SimpleField>
		<SimpleField type="string" name="COL5E65D49898A2B9B4">
			<displayName>COUNTYNAME</displayName>
		</SimpleField>
		<SimpleField type="string" name="COL5E65D49898365199">
			<displayName>TOWNNAME</displayName>
		</SimpleField>
		<SimpleField type="string" name="COL5E65D49898F21DEE">
			<displayName>VILLNAME</displayName>
		</SimpleField>
		<SimpleField type="string" name="COL5E65D4989830A474">
			<displayName>VILLENG</displayName>
		</SimpleField>
		<SimpleField type="string" name="COL5E65D49898E4029F">
			<displayName>COUNTYID</displayName>
		</SimpleField>
		<SimpleField type="string" name="COL5E65D49898CFA666">
			<displayName>COUNTYCODE</displayName>
		</SimpleField>
		<SimpleField type="string" name="COL5E65D4989801A2B9">
			<displayName>TOWNID</displayName>
		</SimpleField>
		<SimpleField type="string" name="COL5E65D498984F2A1E">
			<displayName>TOWNCODE</displayName>
		</SimpleField>
		<SimpleField type="string" name="COL5E65D49898571637">
			<displayName>NOTE</displayName>
		</SimpleField>
	</Schema>
	<gx:CascadingStyle kml:id="__managed_style_0031BCDB7541882D4318_normal">
		<styleUrl>https://earth.google.com/balloon_components/base/1.1.0.0/card_template.kml#main</styleUrl>
		<Style>
			<IconStyle>
				<Icon>
					<href>https://earth.google.com/earth/document/icon?color=d32f2f&amp;id=2000&amp;scale=4</href>
				</Icon>
				<hotSpot x="64" y="128" xunits="pixels" yunits="insetPixels"/>
			</IconStyle>
			<LabelStyle>
			</LabelStyle>
			<LineStyle>
				<color>ff2dc0fb</color>
				<width>2</width>
			</LineStyle>
			<PolyStyle>
				<color>40ffffff</color>
			</PolyStyle>
			<BalloonStyle>
			</BalloonStyle>
		</Style>
	</gx:CascadingStyle>
	<StyleMap id="__managed_style_0031BCDB7541882D4318">
		<Pair>
			<key>normal</key>
			<styleUrl>#__managed_style_0031BCDB7541882D4318_normal</styleUrl>
		</Pair>
		<Pair>
			<key>highlight</key>
			<styleUrl>#__managed_style_0031BCDB7541882D4318_highlight</styleUrl>
		</Pair>
	</StyleMap>
	<gx:CascadingStyle kml:id="__managed_style_0031BCDB7541882D4318_highlight">
		<styleUrl>https://earth.google.com/balloon_components/base/1.1.0.0/card_template.kml#main</styleUrl>
		<Style>
			<IconStyle>
				<scale>1.2</scale>
				<Icon>
					<href>https://earth.google.com/earth/document/icon?color=d32f2f&amp;id=2000&amp;scale=4</href>
				</Icon>
				<hotSpot x="64" y="128" xunits="pixels" yunits="insetPixels"/>
			</IconStyle>
			<LabelStyle>
			</LabelStyle>
			<LineStyle>
				<color>ff2dc0fb</color>
				<width>3</width>
			</LineStyle>
			<PolyStyle>
				<color>40ffffff</color>
			</PolyStyle>
			<BalloonStyle>
			</BalloonStyle>
		</Style>
	</gx:CascadingStyle>
	<gx:CascadingStyle kml:id="__managed_style_073659B4AF418826539F_highlight">
		<styleUrl>https://earth.google.com/balloon_components/base/1.1.0.0/card_template.kml#main</styleUrl>
		<Style>
			<IconStyle>
				<scale>1.2</scale>
				<Icon>
					<href>https://earth.google.com/earth/document/icon?color=d32f2f&amp;id=2000&amp;scale=4</href>
				</Icon>
				<hotSpot x="64" y="128" xunits="pixels" yunits="insetPixels"/>
			</IconStyle>
			<LabelStyle>
			</LabelStyle>
			<LineStyle>
				<color>ff2dc0fb</color>
				<width>1.5</width>
			</LineStyle>
			<PolyStyle>
				<color>40ffffff</color>
			</PolyStyle>
			<BalloonStyle>
			</BalloonStyle>
		</Style>
	</gx:CascadingStyle>
	<gx:CascadingStyle kml:id="__managed_style_0AE770CC7A41881BFC44_normal">
		<styleUrl>https://earth.google.com/balloon_components/base/1.1.0.0/card_template.kml#main</styleUrl>
		<Style>
			<IconStyle>
				<Icon>
					<href>https://earth.google.com/earth/document/icon?color=1976d2&amp;id=2000&amp;scale=4</href>
				</Icon>
				<hotSpot x="64" y="128" xunits="pixels" yunits="insetPixels"/>
			</IconStyle>
			<LabelStyle>
			</LabelStyle>
			<LineStyle>
				<color>ff2dc0fb</color>
				<width>2</width>
			</LineStyle>
			<PolyStyle>
				<color>40ffffff</color>
			</PolyStyle>
			<BalloonStyle>
			</BalloonStyle>
		</Style>
	</gx:CascadingStyle>
	<gx:CascadingStyle kml:id="__managed_style_0F9769DC9241881BFC3C_normal">
		<styleUrl>https://earth.google.com/balloon_components/base/1.1.0.0/card_template.kml#main</styleUrl>
		<Style>
			<IconStyle>
				<Icon>
					<href>https://earth.google.com/earth/document/icon?color=42a5f5&amp;id=2000&amp;scale=4</href>
				</Icon>
				<hotSpot x="64" y="128" xunits="pixels" yunits="insetPixels"/>
			</IconStyle>
			<LabelStyle>
			</LabelStyle>
			<LineStyle>
				<color>ff2dc0fb</color>
			</LineStyle>
			<PolyStyle>
				<color>40ffffff</color>
			</PolyStyle>
			<BalloonStyle>
			</BalloonStyle>
		</Style>
	</gx:CascadingStyle>
	<gx:CascadingStyle kml:id="__managed_style_0F9769DC9241881BFC3C_highlight">
		<styleUrl>https://earth.google.com/balloon_components/base/1.1.0.0/card_template.kml#main</styleUrl>
		<Style>
			<IconStyle>
				<scale>1.2</scale>
				<Icon>
					<href>https://earth.google.com/earth/document/icon?color=42a5f5&amp;id=2000&amp;scale=4</href>
				</Icon>
				<hotSpot x="64" y="128" xunits="pixels" yunits="insetPixels"/>
			</IconStyle>
			<LabelStyle>
			</LabelStyle>
			<LineStyle>
				<color>ff2dc0fb</color>
				<width>1.5</width>
			</LineStyle>
			<PolyStyle>
				<color>40ffffff</color>
			</PolyStyle>
			<BalloonStyle>
			</BalloonStyle>
		</Style>
	</gx:CascadingStyle>
	<gx:CascadingStyle kml:id="__managed_style_073659B4AF418826539F_normal">
		<styleUrl>https://earth.google.com/balloon_components/base/1.1.0.0/card_template.kml#main</styleUrl>
		<Style>
			<IconStyle>
				<Icon>
					<href>https://earth.google.com/earth/document/icon?color=d32f2f&amp;id=2000&amp;scale=4</href>
				</Icon>
				<hotSpot x="64" y="128" xunits="pixels" yunits="insetPixels"/>
			</IconStyle>
			<LabelStyle>
			</LabelStyle>
			<LineStyle>
				<color>ff2dc0fb</color>
			</LineStyle>
			<PolyStyle>
				<color>40ffffff</color>
			</PolyStyle>
			<BalloonStyle>
			</BalloonStyle>
		</Style>
	</gx:CascadingStyle>
	<StyleMap id="__managed_style_0F9769DC9241881BFC3C">
		<Pair>
			<key>normal</key>
			<styleUrl>#__managed_style_0F9769DC9241881BFC3C_normal</styleUrl>
		</Pair>
		<Pair>
			<key>highlight</key>
			<styleUrl>#__managed_style_0F9769DC9241881BFC3C_highlight</styleUrl>
		</Pair>
	</StyleMap>
	<gx:CascadingStyle kml:id="__managed_style_0392D4E66D4188253FD6_normal">
		<styleUrl>https://earth.google.com/balloon_components/base/1.1.0.0/card_template.kml#main</styleUrl>
		<Style>
			<IconStyle>
				<Icon>
					<href>https://earth.google.com/earth/document/icon?color=1976d2&amp;id=2000&amp;scale=4</href>
				</Icon>
				<hotSpot x="64" y="128" xunits="pixels" yunits="insetPixels"/>
			</IconStyle>
			<LabelStyle>
			</LabelStyle>
			<LineStyle>
				<color>ff0000ff</color>
				<width>2</width>
			</LineStyle>
			<PolyStyle>
				<color>40ffffff</color>
			</PolyStyle>
			<BalloonStyle>
			</BalloonStyle>
		</Style>
	</gx:CascadingStyle>
	<gx:CascadingStyle kml:id="__managed_style_0392D4E66D4188253FD6_highlight">
		<styleUrl>https://earth.google.com/balloon_components/base/1.1.0.0/card_template.kml#main</styleUrl>
		<Style>
			<IconStyle>
				<scale>1.2</scale>
				<Icon>
					<href>https://earth.google.com/earth/document/icon?color=1976d2&amp;id=2000&amp;scale=4</href>
				</Icon>
				<hotSpot x="64" y="128" xunits="pixels" yunits="insetPixels"/>
			</IconStyle>
			<LabelStyle>
			</LabelStyle>
			<LineStyle>
				<color>ff0000ff</color>
				<width>3</width>
			</LineStyle>
			<PolyStyle>
				<color>40ffffff</color>
			</PolyStyle>
			<BalloonStyle>
			</BalloonStyle>
		</Style>
	</gx:CascadingStyle>
	<gx:CascadingStyle kml:id="__managed_style_14BEAAC2F141882653A0_highlight">
		<styleUrl>https://earth.google.com/balloon_components/base/1.1.0.0/card_template.kml#main</styleUrl>
		<Style>
			<IconStyle>
				<scale>1.2</scale>
				<Icon>
					<href>https://earth.google.com/earth/document/icon?color=1976d2&amp;id=2000&amp;scale=4</href>
				</Icon>
				<hotSpot x="64" y="128" xunits="pixels" yunits="insetPixels"/>
			</IconStyle>
			<LabelStyle>
			</LabelStyle>
			<LineStyle>
				<color>ff2dc0fb</color>
				<width>1.5</width>
			</LineStyle>
			<PolyStyle>
				<color>40ffffff</color>
			</PolyStyle>
			<BalloonStyle>
			</BalloonStyle>
		</Style>
	</gx:CascadingStyle>
	<StyleMap id="__managed_style_14BEAAC2F141882653A0">
		<Pair>
			<key>normal</key>
			<styleUrl>#__managed_style_14BEAAC2F141882653A0_normal</styleUrl>
		</Pair>
		<Pair>
			<key>highlight</key>
			<styleUrl>#__managed_style_14BEAAC2F141882653A0_highlight</styleUrl>
		</Pair>
	</StyleMap>
	<StyleMap id="__managed_style_0392D4E66D4188253FD6">
		<Pair>
			<key>normal</key>
			<styleUrl>#__managed_style_0392D4E66D4188253FD6_normal</styleUrl>
		</Pair>
		<Pair>
			<key>highlight</key>
			<styleUrl>#__managed_style_0392D4E66D4188253FD6_highlight</styleUrl>
		</Pair>
	</StyleMap>
	<gx:CascadingStyle kml:id="__managed_style_0AE770CC7A41881BFC44_highlight">
		<styleUrl>https://earth.google.com/balloon_components/base/1.1.0.0/card_template.kml#main</styleUrl>
		<Style>
			<IconStyle>
				<scale>1.2</scale>
				<Icon>
					<href>https://earth.google.com/earth/document/icon?color=1976d2&amp;id=2000&amp;scale=4</href>
				</Icon>
				<hotSpot x="64" y="128" xunits="pixels" yunits="insetPixels"/>
			</IconStyle>
			<LabelStyle>
			</LabelStyle>
			<LineStyle>
				<color>ff2dc0fb</color>
				<width>3</width>
			</LineStyle>
			<PolyStyle>
				<color>40ffffff</color>
			</PolyStyle>
			<BalloonStyle>
			</BalloonStyle>
		</Style>
	</gx:CascadingStyle>
	<StyleMap id="__managed_style_073659B4AF418826539F">
		<Pair>
			<key>normal</key>
			<styleUrl>#__managed_style_073659B4AF418826539F_normal</styleUrl>
		</Pair>
		<Pair>
			<key>highlight</key>
			<styleUrl>#__managed_style_073659B4AF418826539F_highlight</styleUrl>
		</Pair>
	</StyleMap>
	<gx:CascadingStyle kml:id="__managed_style_14BEAAC2F141882653A0_normal">
		<styleUrl>https://earth.google.com/balloon_components/base/1.1.0.0/card_template.kml#main</styleUrl>
		<Style>
			<IconStyle>
				<Icon>
					<href>https://earth.google.com/earth/document/icon?color=1976d2&amp;id=2000&amp;scale=4</href>
				</Icon>
				<hotSpot x="64" y="128" xunits="pixels" yunits="insetPixels"/>
			</IconStyle>
			<LabelStyle>
			</LabelStyle>
			<LineStyle>
				<color>ff2dc0fb</color>
			</LineStyle>
			<PolyStyle>
				<color>40ffffff</color>
			</PolyStyle>
			<BalloonStyle>
			</BalloonStyle>
		</Style>
	</gx:CascadingStyle>
	<StyleMap id="__managed_style_0AE770CC7A41881BFC44">
		<Pair>
			<key>normal</key>
			<styleUrl>#__managed_style_0AE770CC7A41881BFC44_normal</styleUrl>
		</Pair>
		<Pair>
			<key>highlight</key>
			<styleUrl>#__managed_style_0AE770CC7A41881BFC44_highlight</styleUrl>
		</Pair>
	</StyleMap>
	<Folder id="5E65D494CF000002">
		<name>村界</name>
		<styleUrl>#__managed_style_0AE770CC7A41881BFC44</styleUrl>
		<Placemark id="5E65D494CF000003">
			<name>茶山村</name>
			<styleUrl>#__managed_style_0392D4E66D4188253FD6</styleUrl>
			<ExtendedData>
				<SchemaData schemaUrl="#__managed_schema">
					<SimpleData name="COL5E65D4989899E504">10010180012</SimpleData>
					<SimpleData name="COL5E65D49898A2B9B4">嘉義縣</SimpleData>
					<SimpleData name="COL5E65D49898365199">阿里山鄉</SimpleData>
					<SimpleData name="COL5E65D49898F21DEE">茶山村</SimpleData>
					<SimpleData name="COL5E65D4989830A474">Chashan Vil.</SimpleData>
					<SimpleData name="COL5E65D49898E4029F">Q</SimpleData>
					<SimpleData name="COL5E65D49898CFA666">10010</SimpleData>
					<SimpleData name="COL5E65D4989801A2B9">Q20</SimpleData>
					<SimpleData name="COL5E65D498984F2A1E">10010180</SimpleData>
				</SchemaData>
			</ExtendedData>
			<Polygon>
				<outerBoundaryIs>
					<LinearRing>
						<coordinates>
							120.662206653,23.3347305780001,0 120.660954456,23.3346833910001,0 120.659335561,23.334250264,0 120.65879466,23.3341658040001,0 120.657683576,23.333691451,0 120.655872906,23.33275658,0 120.655872774,23.332756514,0 120.655869227,23.332736412,0 120.655841808,23.332549671,0 120.655834974,23.332493868,0 120.65583047,23.332438059,0 120.655819026,23.3323672290001,0 120.655812334,23.332257769,0 120.655814801,23.332201985,0 120.655817275,23.332144052,0 120.655813101,23.331959501,0 120.65580395,23.3318464330001,0 120.655790525,23.3316425470001,0 120.655790669,23.3315867590001,0 120.655797765,23.331539562,0 120.655779589,23.33137429,0 120.655761421,23.331206874,0 120.655750012,23.331123167,0 120.655724691,23.331024391,0 120.655715545,23.330964293,0 120.655704063,23.3309084790001,0 120.655678727,23.3308161520001,0 120.65564644,23.3307130740001,0 120.655637182,23.330657537,0 120.655630345,23.330603873,0 120.655581967,23.330429952,0 120.655565831,23.3303762690001,0 120.655556646,23.33033118800009,0 120.655545198,23.330262498,0 120.655519945,23.3301379860001,0 120.655520071,23.3300886280001,0 120.655524871,23.3300307010001,0 120.65554135,23.3299513430001,0 120.655560093,23.3298955970001,0 120.655585851,23.329824838,0 120.655639514,23.329751991,0 120.655693203,23.329668428,0 120.655751532,23.329589162,0 120.655826574,23.3295059320001,0 120.655889503,23.3294459950001,0 120.655952462,23.3293753180001,0 120.656015478,23.3292810360001,0 120.656073901,23.3291652980001,0 120.656094969,23.329109547,0 120.656116082,23.3290366370001,0 120.656120847,23.3289915880001,0 120.656142028,23.3288929240001,0 120.656165467,23.32882002,0 120.656186517,23.3287707170001,0 120.656200584,23.328725687,0 120.656210033,23.328667771,0 120.656214829,23.328611993,0 120.656222023,23.328526176,0 120.6562361,23.328476847,0 120.656245559,23.3284215140001,0 120.656255109,23.3283249740001,0 120.656257661,23.3282370060001,0 120.65625081,23.328189783,0 120.656246291,23.3281382820001,0 120.656230282,23.328035238,0 120.656204909,23.327957939,0 120.656188894,23.327857044,0 120.656147512,23.327676701,0 120.656154653,23.327612351,0 120.65615012,23.32756728,0 120.656129466,23.327462086,0 120.656118081,23.327369791,0 120.656116028,23.327271674,0 120.656111537,23.3272094380001,0 120.656107053,23.3271450500001,0 120.656100263,23.3270742220001,0 120.656095777,23.3270098350001,0 120.656088941,23.32695618,0 120.656084415,23.3269089610001,0 120.656089331,23.3268059700001,0 120.656191786,23.32674396900009,0 120.656368593,23.3266992980001,0 120.656438372,23.326686583,0 120.656505884,23.326652397,0 120.656582687,23.326620383,0 120.656727006,23.326552034,0 120.65679089,23.326518547,0 120.656958541,23.326418056,0 120.657019056,23.3263924440001,0 120.657067955,23.3263625060001,0 120.657224012,23.326249122,0 120.657265956,23.32621273199999,0 120.657307884,23.3261806420001,0 120.657447702,23.3260543440001,0 120.657510689,23.3259707980001,0 120.657538821,23.3258807290001,0 120.657557688,23.32577563000009,0 120.657602351,23.3255847570001,0 120.657654311,23.3254179670001,0 120.6576614,23.3253729210001,0 120.657677828,23.3253128800001,0 120.657766801,23.325068452,0 120.657848739,23.3248476110001,0 120.657872184,23.324770417,0 120.657890927,23.3247146680001,0 120.657923734,23.3246138810001,0 120.657970499,23.324508845,0 120.65799155,23.324459532,0 120.65801027,23.3244123710001,0 120.658061637,23.3243266530001,0 120.658099349,23.324281666,0 120.658132164,23.324235765,0 120.658186719,23.3241610220001,0 120.658228046,23.324095082,0 120.658308889,23.3239701540001,0 120.658349136,23.323852281,0 120.658405282,23.32376392500001,0 120.658469532,23.3236313670001,0 120.658493836,23.3234987120001,0 120.658518199,23.3233439420001,0 120.658542448,23.3232334,0 120.658546999,23.3230159180001,0 120.658539671,23.3227578620001,0 120.65854849,23.3224334880001,0 120.658525129,23.322197515,0 120.658493741,23.32197626,0 120.65847074,23.3216002070001,0 120.65845144,23.3213384420001,0 120.658428326,23.3210066130001,0 120.65841282,23.3208222700001,0 120.658365551,23.320564119,0 120.658278777,23.3201363200001,0 120.658279158,23.319988876,0 120.658235953,23.3197049250001,0 120.658212407,23.31954268,0 120.658204779,23.3194025880001,0 120.658229429,23.319137234,0 120.658238803,23.318599061,0 120.658223585,23.3183041180001,0 120.658236281,23.318027677,0 120.658236982,23.317754892,0 120.658254134,23.3172978280001,0 120.65824651,23.317157733,0 120.658239242,23.316877565,0 120.658215601,23.316752174,0 120.658220746,23.316306153,0 120.65822957,23.3159817700001,0 120.658245869,23.3158564730001,0 120.658254103,23.315760653,0 120.658286815,23.315465814,0 120.658303172,23.315318404,0 120.658335447,23.315193143,0 120.658359754,23.315060488,0 120.658384134,23.314898338,0 120.658408344,23.314802554,0 120.658512813,23.314559489,0 120.6585371,23.3144342100001,0 120.658561707,23.314183584,0 120.658565882,23.314113563,0 120.658550572,23.3138554920001,0 120.658518944,23.313730091,0 120.658527234,23.3136121370001,0 120.658511564,23.313494142,0 120.658408709,23.3131105460001,0 120.658377118,23.3129703990001,0 120.658337408,23.3128818430001,0 120.658178242,23.3126529470001,0 120.658098949,23.312556935,0 120.658027769,23.312470315,0 120.657971803,23.3124119130001,0 120.657918201,23.312342723,0 120.657864594,23.312275701,0 120.657834299,23.3122367780001,0 120.657729067,23.312066896,0 120.657694134,23.3120128640001,0 120.657652245,23.311935068,0 120.657556777,23.3117816050001,0 120.657503225,23.3116929920001,0 120.657475306,23.3116389640001,0 120.657375133,23.311496296,0 120.65731455,23.311414149,0 120.657199474,23.311235385,0 120.657097031,23.311066812,0 120.657020183,23.310945771,0 120.656968945,23.310867955,0 120.65692701,23.3108095900001,0 120.656819868,23.3106496300001,0 120.656773261,23.310589097,0 120.656731308,23.310537197,0 120.65661713,23.3103858530001,0 120.656542571,23.3102842530001,0 120.656434861,23.31010539,0 120.656369661,23.310001641,0 120.656276578,23.3098309280001,0 120.656248654,23.30977906,0 120.656211397,23.3097207050001,0 120.656094814,23.3095952640001,0 120.656059863,23.309547696,0 120.655996853,23.3095000770001,0 120.655863883,23.309381074,0 120.655814886,23.3093399590001,0 120.655742513,23.309296626,0 120.655672507,23.309242516,0 120.655625838,23.309205725,0 120.655562732,23.3091947840001,0 120.655429476,23.3091858600001,0 120.655380407,23.309172802,0 120.655330792,23.3091368510001,0 120.655279485,23.30908494,0 120.655242232,23.3090244110001,0 120.655221306,23.308979043,0 120.655193404,23.3089185420001,0 120.65511679,23.3087090070001,0 120.655095933,23.3086377390001,0 120.655072758,23.3085578230001,0 120.655054216,23.308495194,0 120.655045032,23.3084304180001,0 120.655042892,23.3083548750001,0 120.65502645,23.3082882940001,0 120.655017257,23.3082278430001,0 120.654989749,23.308018416,0 120.654978212,23.3079579610001,0 120.654966675,23.307899653,0 120.654927462,23.307694527,0 120.65492304,23.307597387,0 120.654909207,23.30752181,0 120.654832591,23.3073144430001,0 120.654814049,23.307251803,0 120.65470198,23.307057812,0 120.654664749,23.3069886600001,0 120.654615902,23.3068914300001,0 120.654536879,23.3067099460001,0 120.654508974,23.3066516150001,0 120.654469417,23.306578137,0 120.654427567,23.30648739,0 120.654399718,23.3064074750001,0 120.65435316,23.3063296650001,0 120.654332273,23.30626919,0 120.654306751,23.3061935850001,0 120.65429519,23.306143912,0 120.6542883,23.3060964150001,0 120.654283601,23.306016851,0 120.654283758,23.3059564210001,0 120.654286551,23.3057837480001,0 120.654265967,23.305608879,0 120.654231125,23.3055202950001,0 120.654193936,23.305436033,0 120.654170697,23.305382035,0 120.654149826,23.305315066,0 120.654105845,23.305146617,0 120.654073388,23.305040784,0 120.654043161,23.30497597,0 120.65400608,23.304850704,0 120.653989553,23.3047883030001,0 120.653975692,23.304723514,0 120.6539341,23.3045356490001,0 120.653906406,23.304397453,0 120.653869436,23.30422901,0 120.653857905,23.304168555,0 120.653853422,23.304095154,0 120.653848938,23.3040217660001,0 120.653849102,23.3039591680001,0 120.653856263,23.303903061,0 120.653861066,23.3038555900001,0 120.653877812,23.3037110180001,0 120.653885058,23.3035993030001,0 120.653889894,23.3035388820001,0 120.653894738,23.3034741380001,0 120.653888217,23.3032863390001,0 120.653881385,23.3032172600001,0 120.653869861,23.3031546290001,0 120.653849291,23.3029732910001,0 120.65383078,23.3028998520001,0 120.653816944,23.3028264430001,0 120.65378721,23.302634782,0 120.653778209,23.3025009420001,0 120.65378074,23.302427558,0 120.653795037,23.3023261440001,0 120.653804586,23.302250627,0 120.653807212,23.3021405550001,0 120.653826242,23.3020175680001,0 120.653835755,23.301957148,0 120.653845327,23.3018729990001,0 120.653880897,23.3016831350001,0 120.653911839,23.301560555,0 120.653963712,23.301394477,0 120.653999107,23.301271527,0 120.654055696,23.3010903410001,0 120.654074577,23.301023479,0 120.654077097,23.3009544110001,0 120.654124312,23.300781849,0 120.654140838,23.3007214450001,0 120.654159735,23.3006480980001,0 120.654185719,23.3005467180001,0 120.654228592,23.3003206600001,0 120.654257147,23.3001307870001,0 120.654261999,23.3000638840001,0 120.654255176,23.299990489,0 120.654239246,23.2998242530001,0 120.654220723,23.2997551510001,0 120.654204539,23.299686041,0 120.654144209,23.2995110840001,0 120.654124978,23.299457482,0 120.65410176,23.2993948340001,0 120.65402503,23.2992327900001,0 120.654008804,23.2991788,0 120.653973888,23.299120438,0 120.65392035,23.299029665,0 120.653869106,23.2989561740001,0 120.653827179,23.298895643,0 120.653775925,23.298826467,0 120.653666484,23.298655717,0 120.653615352,23.2985248320001,0 120.653565988,23.298334975,0 120.653488771,23.2980817270001,0 120.653408553,23.2978110810001,0 120.653369074,23.2976897620001,0 120.653345465,23.297586849,0 120.653321809,23.2975023010001,0 120.653278542,23.2973075030001,0 120.653262884,23.297208282,0 120.653247158,23.297134768,0 120.653211776,23.2969693910001,0 120.653180158,23.296884818,0 120.653164434,23.2968113210001,0 120.653152774,23.2967047560001,0 120.653137232,23.2965614500001,0 120.65315961,23.296375981,0 120.65316786,23.2962657850001,0 120.653180117,23.296144591,0 120.653192368,23.2960270520001,0 120.653196658,23.295909506,0 120.653212954,23.2957662690001,0 120.653231625,23.295477928,0 120.653227912,23.295375075,0 120.653220216,23.2952758710001,0 120.653196763,23.2951141780001,0 120.653169088,23.2950443120001,0 120.653127779,23.2948623790001,0 120.65308437,23.2947226860001,0 120.653025136,23.2945462120001,0 120.652985607,23.29444327,0 120.652950168,23.294299919,0 120.652910855,23.2941161470001,0 120.652883355,23.2939801630001,0 120.652830342,23.293710042,0 120.652806723,23.293610803,0 120.652771214,23.29349317,0 120.652735736,23.293364508,0 120.652700267,23.2932321810001,0 120.652656864,23.2930888120001,0 120.652568178,23.292759823,0 120.652497148,23.292528234,0 120.652453745,23.292384871,0 120.652390474,23.2922304320001,0 120.652246161,23.291868262,0 120.652230357,23.291824139,0 120.652198751,23.2917359080001,0 120.652131586,23.2915484100001,0 120.652088049,23.2914564650001,0 120.652048523,23.291353525,0 120.651983028,23.2911763050001,0 120.652003927,23.2911707280001,0 120.652506919,23.2911814030001,0 120.65302558,23.29122391,0 120.65390762,23.291303967,0 120.654508033,23.2914412590001,0 120.654897369,23.2916275320001,0 120.65531942,23.2919337010001,0 120.655637108,23.292338366,0 120.655965631,23.2928311970001,0 120.656235224,23.293299959,0 120.656253622,23.293333407,0 120.656253819,23.293333766,0 120.656481957,23.2937485100001,0 120.656688271,23.294168008,0 120.656907574,23.294509181,0 120.657210286,23.294962347,0 120.657409532,23.2952442280001,0 120.657764984,23.2956710930001,0 120.658066153,23.2959497480001,0 120.658425915,23.295972238,0 120.658752847,23.2959069950001,0 120.658903199,23.2955896450001,0 120.659130131,23.2951216230001,0 120.659333962,23.2948677200001,0 120.659670012,23.2947609550001,0 120.66030661,23.2948881360001,0 120.660734339,23.294890136,0 120.661222086,23.294909504,0 120.661611463,23.294983389,0 120.661830753,23.295007277,0 120.661910773,23.294904823,0 120.661923559,23.2946725040001,0 120.66192735,23.29423812,0 120.661984014,23.2939613940001,0 120.662238504,23.2937548800001,0 120.662434732,23.2936584650001,0 120.662674361,23.2935407260001,0 120.662833948,23.29356333,0 120.663159584,23.2938083240001,0 120.66360369,23.2938835790001,0 120.663908652,23.2938393800001,0 120.664366689,23.293615652,0 120.664796195,23.2933326520001,0 120.665188539,23.2931812680001,0 120.665389692,23.293168683,0 120.665477917,23.293353343,0 120.665482709,23.293718643,0 120.665619288,23.2940840360001,0 120.666166065,23.2943207180001,0 120.666658728,23.294213574,0 120.66731389,23.2940255840001,0 120.667570404,23.2936719470001,0 120.667801066,23.293020014,0 120.667943142,23.292539619,0 120.668240195,23.2921002780001,0 120.668394309,23.2919735880001,0 120.668753828,23.29217204,0 120.669344236,23.29235282300001,0 120.669716524,23.2921948590001,0 120.669879658,23.2920220510001,0 120.669980164,23.291452721,0 120.670084295,23.291064894,0 120.670247016,23.2907473070001,0 120.670534799,23.2904666760001,0 120.670889958,23.2901987000001,0 120.67140999,23.289969297,0 120.671796762,23.290162691,0 120.672387799,23.290499712,0 120.672771257,23.2906517930001,0 120.673335106,23.2909961710001,0 120.673737715,23.2911111550001,0 120.674548782,23.290888308,0 120.675135547,23.2906393810001,0 120.675585382,23.2903812710001,0 120.675956415,23.290285365,0 120.676130582,23.290043414,0 120.676204674,23.289522789,0 120.676206687,23.289003375,0 120.676166171,23.288595002,0 120.676536042,23.288317562,0 120.676937303,23.28811771100001,0 120.677354489,23.2878440690001,0 120.67740738,23.2880017470001,0 120.677467083,23.2882512360001,0 120.677838167,23.2885299110001,0 120.678391897,23.288865238,0 120.678821655,23.288846472,0 120.679596617,23.288683946,0 120.680158837,23.2885755940001,0 120.681104719,23.288134396,0 120.681417267,23.287851022,0 120.681922772,23.2876425000001,0 120.682236993,23.2875659220001,0 120.682946991,23.2873883990001,0 120.683414119,23.287373576,0 120.683898578,23.2871079500001,0 120.684332376,23.2870431160001,0 120.684822613,23.2870646540001,0 120.685527375,23.2869975190001,0 120.68611804,23.2868197190001,0 120.686710374,23.28672462,0 120.687170317,23.28659959100001,0 120.688687364,23.2858774440001,0 120.689323602,23.2854943130001,0 120.689896672,23.2853076060001,0 120.690380742,23.2852694850001,0 120.691154686,23.2851804680001,0 120.691772741,23.285128564,0 120.692299551,23.284990883,0 120.693511239,23.284540473,0 120.694574185,23.2844641020001,0 120.694727775,23.2844530670001,0 120.695590726,23.284461337,0 120.696612871,23.284347408,0 120.698019799,23.2844475360001,0 120.698896155,23.2845015510001,0 120.699543564,23.284423868,0 120.700390019,23.284965599,0 120.701160391,23.285556878,0 120.701308614,23.285754287,0 120.701384225,23.286049473,0 120.701396398,23.2868950070001,0 120.701749552,23.2872658690001,0 120.702620866,23.287928971,0 120.703062506,23.2884936840001,0 120.703415267,23.2890897880001,0 120.703534676,23.289460053,0 120.703444949,23.289939599,0 120.703343035,23.2903090510001,0 120.703014829,23.290677768,0 120.702627576,23.290955572,0 120.702569785,23.2910484780001,0 120.702873332,23.291792517,0 120.702752308,23.292323158,0 120.70257848,23.293192536,0 120.702340515,23.293842403,0 120.702325711,23.2940931360001,0 120.702509791,23.294586409,0 120.702672264,23.2949950140001,0 120.702705404,23.2951576240001,0 120.70255174,23.2956727430001,0 120.70269187,23.2962058270001,0 120.702774238,23.2969559260001,0 120.702833829,23.297563928,0 120.703071924,23.298216316,0 120.703082758,23.2983268130001,0 120.703332699,23.299003425,0 120.703442873,23.2993316770001,0 120.703636427,23.300108085,0 120.703918418,23.3008436530001,0 120.704111429,23.301204623,0 120.704278461,23.301717614,0 120.704376909,23.301974945,0 120.704823669,23.3022480290001,0 120.705221633,23.302556571,0 120.705428973,23.3027955850001,0 120.70565777,23.3032935360001,0 120.705956292,23.303796929,0 120.706444058,23.304314779,0 120.706770131,23.3047280980001,0 120.707126689,23.3049708990001,0 120.707749904,23.305242648,0 120.708081509,23.3053928850001,0 120.708534296,23.305669058,0 120.708931216,23.3058983130001,0 120.709394468,23.3060984310001,0 120.709777699,23.3063716180001,0 120.710300662,23.3067493620001,0 120.711220328,23.307436695,0 120.711611336,23.3078979380001,0 120.711956475,23.3084085020001,0 120.712166053,23.308697323,0 120.712357699,23.3087019160001,0 120.712914881,23.3086151040001,0 120.7134364,23.3084097760001,0 120.714487402,23.308194035,0 120.715200095,23.3078876980001,0 120.715690214,23.307715264,0 120.71628418,23.3076092000001,0 120.716676612,23.307677841,0 120.717341173,23.30787083000009,0 120.71797342,23.308064571,0 120.718330221,23.30810424,0 120.719304128,23.3080648010001,0 120.719639591,23.3081416960001,0 120.720204216,23.3083187020001,0 120.720640103,23.308340371,0 120.721309605,23.308266915,0 120.721965065,23.30813641,0 120.722990095,23.3077927,0 120.723784865,23.3074866590001,0 120.72464826,23.307144533,0 120.72537409,23.306863105,0 120.726051695,23.3066356310001,0 120.726462567,23.306563779,0 120.727258545,23.3063885560001,0 120.728208305,23.3061981610001,0 120.728881423,23.306076374,0 120.729929076,23.305741276,0 120.730629339,23.3056119610001,0 120.730595355,23.3057298460001,0 120.730595375,23.305906615,0 120.73058884,23.3061156850001,0 120.730600088,23.3063380940001,0 120.730608963,23.3066523840001,0 120.730635103,23.3069616700001,0 120.730705768,23.3073502400001,0 120.730805848,23.3078115540001,0 120.730734573,23.3081943460001,0 120.73064026,23.308377987,0 120.730471265,23.308735577,0 120.730349558,23.3090943220001,0 120.730221068,23.30938896,0 120.730146655,23.309748862,0 120.730112232,23.310027468,0 120.730108135,23.310410942,0 120.730155236,23.310684268,0 120.730155112,23.310684328,0 120.729418211,23.3110485770001,0 120.727111516,23.312209986,0 120.72263969,23.313249679,0 120.710307199,23.319108419,0 120.704427337,23.3223461040001,0 120.702071575,23.323921946,0 120.701413214,23.3244060700001,0 120.701029874,23.324886199,0 120.70057588,23.3259441270001,0 120.700251493,23.3271174330001,0 120.700094075,23.3280969080001,0 120.699834131,23.328597588,0 120.699422611,23.328894796,0 120.69897916,23.32912195800001,0 120.698221192,23.329106956,0 120.696289964,23.3284711150001,0 120.695705458,23.3284383770001,0 120.695254961,23.3284691100001,0 120.694627851,23.3286281750001,0 120.69408999,23.328778383,0 120.6933567,23.329266838,0 120.691913635,23.3301105900001,0 120.691453112,23.330157102,0 120.691145423,23.3302852040001,0 120.69082819,23.33041152400011,0 120.690619835,23.3305169000001,0 120.690184008,23.330738194,0 120.688991289,23.33130885,0 120.688447602,23.331530876,0 120.688240575,23.331514606,0 120.688039769,23.331428396,0 120.687655463,23.331199106,0 120.687599136,23.331097324,0 120.687464137,23.3309459500001,0 120.687220997,23.330822342,0 120.68709412,23.330654193,0 120.686958108,23.3305046830001,0 120.686877512,23.3304149780001,0 120.686728258,23.330313011,0 120.686478773,23.330312511,0 120.68631289,23.3303792840001,0 120.686045176,23.3305653690001,0 120.685732134,23.3306189210001,0 120.685086241,23.3308343460001,0 120.684740817,23.3307975290001,0 120.684199692,23.3308145,0 120.683469649,23.3307142960001,0 120.683207818,23.3306783570001,0 120.682971698,23.3305957700001,0 120.682846815,23.3305520910001,0 120.68155319,23.3306461110001,0 120.681236224,23.330669147,0 120.68035262,23.3303292150001,0 120.679834199,23.3304009820001,0 120.679428971,23.330249295,0 120.678791892,23.330471673,0 120.678333151,23.3303214800001,0 120.677989725,23.330209041,0 120.677671641,23.3304181510001,0 120.676670641,23.3308840810001,0 120.676608617,23.3309014500001,0 120.671623706,23.3322972770001,0 120.667026094,23.3335844910001,0 120.665242867,23.3340254620001,0 120.663686465,23.3344058490001,0 120.662206653,23.3347305780001,0 
						</coordinates>
					</LinearRing>
				</outerBoundaryIs>
			</Polygon>
		</Placemark>
		<Placemark id="5E65D494CF000004">
			<name>新美村</name>
			<styleUrl>#__managed_style_0392D4E66D4188253FD6</styleUrl>
			<ExtendedData>
				<SchemaData schemaUrl="#__managed_schema">
					<SimpleData name="COL5E65D4989899E504">10010180011</SimpleData>
					<SimpleData name="COL5E65D49898A2B9B4">嘉義縣</SimpleData>
					<SimpleData name="COL5E65D49898365199">阿里山鄉</SimpleData>
					<SimpleData name="COL5E65D49898F21DEE">新美村</SimpleData>
					<SimpleData name="COL5E65D4989830A474">Xinmei Vil.</SimpleData>
					<SimpleData name="COL5E65D49898E4029F">Q</SimpleData>
					<SimpleData name="COL5E65D49898CFA666">10010</SimpleData>
					<SimpleData name="COL5E65D4989801A2B9">Q20</SimpleData>
					<SimpleData name="COL5E65D498984F2A1E">10010180</SimpleData>
				</SchemaData>
			</ExtendedData>
			<Polygon>
				<outerBoundaryIs>
					<LinearRing>
						<coordinates>
							120.69995756,23.3609883780001,0 120.693833473,23.35708972600001,0 120.688240249,23.3559228300001,0 120.687728941,23.355908266,0 120.687171162,23.356162254,0 120.686488085,23.3564724290001,0 120.685701607,23.356561153,0 120.684932972,23.3564038380001,0 120.683924806,23.355948041,0 120.682541919,23.35523863200009,0 120.682228942,23.355109317,0 120.681673747,23.354979509,0 120.681465157,23.354972951,0 120.681289891,23.354967441,0 120.675600106,23.3555901180001,0 120.674894039,23.355667667,0 120.674060234,23.3557991270001,0 120.670958414,23.3566143800001,0 120.670269451,23.356818366,0 120.669435119,23.3569114210001,0 120.668602968,23.356801299,0 120.667181164,23.356224866,0 120.661420344,23.35231599,0 120.659370314,23.351187399,0 120.659161098,23.351094807,0 120.65920107,23.351065442,0 120.659412311,23.3509705270001,0 120.659515749,23.3509349920001,0 120.659718339,23.3508559680001,0 120.659933837,23.350780935,0 120.660067417,23.3507454640001,0 120.660343239,23.35065467,0 120.660502876,23.350531845,0 120.660640981,23.350408955,0 120.660711667,23.35031882400011,0 120.660776518,23.350215642,0 120.660811106,23.35016008200011,0 120.660888965,23.350021186,0 120.660958343,23.349830582,0 120.661006037,23.349699559,0 120.661058049,23.34956457099999,0 120.661149055,23.349334291,0 120.661209649,23.3492112340001,0 120.66126159,23.349104068,0 120.66130495,23.348984946,0 120.66146515,23.3486356070001,0 120.661499827,23.348544288,0 120.661512935,23.348468805,0 120.661564944,23.348333826,0 120.661601481,23.3482226450001,0 120.661629021,23.34812823,0 120.661636007,23.3480652590001,0 120.661643052,23.347977105,0 120.66163643,23.3478952130001,0 120.661616189,23.3478006870001,0 120.661609615,23.3476999150001,0 120.661596278,23.347573916,0 120.661617136,23.3474228050001,0 120.661637864,23.347322091,0 120.661682777,23.347104894,0 120.661703823,23.3468782090001,0 120.661697315,23.3467522340001,0 120.661677075,23.3466577080001,0 120.66162285,23.3465064440001,0 120.661568767,23.3462984780001,0 120.661548765,23.346109504,0 120.661569511,23.34600248,0 120.661597034,23.345914368,0 120.661672322,23.3458326470001,0 120.661761211,23.3457698620001,0 120.662020915,23.345638169,0 120.662143918,23.3455817490001,0 120.662256641,23.34554106100011,0 120.662386593,23.345434278,0 120.662468737,23.3453399810001,0 120.662551179,23.345126017,0 120.662640826,23.344760933,0 120.662695904,23.344572102,0 120.662764661,23.344370715,0 120.662812678,23.3442763460001,0 120.662891477,23.3441537050001,0 120.66292584,23.3440593060001,0 120.662932996,23.3439270650001,0 120.662954244,23.3436185040001,0 120.662961795,23.343328806,0 120.662955283,23.3432028280001,0 120.662921756,23.3429634190001,0 120.662894691,23.3428688980001,0 120.662847101,23.342793214,0 120.66278244,23.3427206420001,0 120.662578122,23.342543861,0 120.662435072,23.342430177,0 120.662264801,23.3422849470001,0 120.662142277,23.342152426,0 120.662006371,23.3419127970001,0 120.661945368,23.34174262,0 120.661925223,23.341610308,0 120.661891413,23.341484275,0 120.661833708,23.3413613320001,0 120.661738501,23.3412225750001,0 120.66165004,23.3411153120001,0 120.661486567,23.3409826930001,0 120.661363997,23.340869056,0 120.661248268,23.340749144,0 120.661166572,23.3406670890001,0 120.661098619,23.3405472760001,0 120.66103751,23.3404211810001,0 120.660976288,23.340339172,0 120.660901464,23.3402382420001,0 120.660847179,23.340112162,0 120.660820069,23.340036529,0 120.660772467,23.339967137,0 120.660704342,23.339916601,0 120.660571479,23.3398249910001,0 120.660435103,23.3397742980001,0 120.660189586,23.3396982,0 120.660114556,23.3396791370001,0 120.659930262,23.3396850280001,0 120.659677776,23.339665579,0 120.659438927,23.339652464,0 120.659159077,23.339658145,0 120.659009019,23.3396200290001,0 120.658920437,23.3395631540001,0 120.658852327,23.339506322,0 120.658770665,23.339411661,0 120.658695971,23.3392603410001,0 120.658580629,23.338989274,0 120.658451865,23.3386299970001,0 120.658350192,23.3383526650001,0 120.658248425,23.338113117,0 120.658201354,23.3380300100001,0 120.658098866,23.337879747,0 120.65800607,23.3377374190001,0 120.657913382,23.337584281,0 120.657848013,23.3374620330001,0 120.657799513,23.3373591070001,0 120.657753342,23.3372540410001,0 120.657712146,23.3371613250001,0 120.657689022,23.3371119240001,0 120.657647378,23.3370302820001,0 120.657589488,23.3369378830001,0 120.657540885,23.3368497980001,0 120.657482961,23.336770277,0 120.65740644,23.336688558,0 120.657350836,23.3366111920001,0 120.657225688,23.3364521230001,0 120.657174741,23.3363726160001,0 120.65710285,23.3362995040001,0 120.657041902,23.336246354,0 120.656956039,23.3361817900001,0 120.65682157,23.3360312790001,0 120.656793778,23.3359883050001,0 120.656756825,23.335891663,0 120.656673502,23.335743424,0 120.656648041,23.3356982970001,0 120.656627237,23.335651049,0 120.656548599,23.335489932,0 120.656493033,23.335397539,0 120.656409806,23.3352128060001,0 120.65639588,23.335118655,0 120.656384427,23.3350521130001,0 120.656368486,23.334921176,0 120.656366287,23.33487182,0 120.656366419,23.3348203210001,0 120.656361935,23.3347559360001,0 120.656336684,23.3346292750001,0 120.656325296,23.3345369800001,0 120.656306939,23.3344425220001,0 120.656281578,23.334358782,0 120.656260807,23.3342986500001,0 120.656235635,23.334141948,0 120.656182549,23.3339894740001,0 120.656161625,23.333923208,0 120.656150156,23.3338631070001,0 120.656090134,23.3336955990001,0 120.656071717,23.3336247440001,0 120.656053332,23.3335410130001,0 120.656007211,23.3333928500001,0 120.655986446,23.3333305790001,0 120.655970298,23.3332811820001,0 120.655919715,23.3330600580001,0 120.655910536,23.3330128280001,0 120.655899061,23.3329548630001,0 120.655889942,23.3328840300001,0 120.655885435,23.3328282310001,0 120.655872774,23.332756514,0 120.655872906,23.33275658,0 120.657683576,23.333691451,0 120.65879466,23.3341658040001,0 120.659335561,23.334250264,0 120.660954456,23.3346833910001,0 120.662206653,23.3347305780001,0 120.663686465,23.3344058490001,0 120.665242867,23.3340254620001,0 120.667026094,23.3335844910001,0 120.671623706,23.3322972770001,0 120.676608617,23.3309014500001,0 120.676670641,23.3308840810001,0 120.677671641,23.3304181510001,0 120.677989725,23.330209041,0 120.678333151,23.3303214800001,0 120.678791892,23.330471673,0 120.679428971,23.330249295,0 120.679834199,23.3304009820001,0 120.68035262,23.3303292150001,0 120.681236224,23.330669147,0 120.68155319,23.3306461110001,0 120.682846815,23.3305520910001,0 120.682971698,23.3305957700001,0 120.683207818,23.3306783570001,0 120.683469649,23.3307142960001,0 120.684199692,23.3308145,0 120.684740817,23.3307975290001,0 120.685086241,23.3308343460001,0 120.685732134,23.3306189210001,0 120.686045176,23.3305653690001,0 120.68631289,23.3303792840001,0 120.686478773,23.330312511,0 120.686728258,23.330313011,0 120.686877512,23.3304149780001,0 120.686958108,23.3305046830001,0 120.68709412,23.330654193,0 120.687220997,23.330822342,0 120.687464137,23.3309459500001,0 120.687599136,23.331097324,0 120.687655463,23.331199106,0 120.688039769,23.331428396,0 120.688240575,23.331514606,0 120.688447602,23.331530876,0 120.688991289,23.33130885,0 120.690184008,23.330738194,0 120.690619835,23.3305169000001,0 120.69082819,23.33041152400011,0 120.691145423,23.3302852040001,0 120.691453112,23.330157102,0 120.691913635,23.3301105900001,0 120.6933567,23.329266838,0 120.69408999,23.328778383,0 120.694627851,23.3286281750001,0 120.695254961,23.3284691100001,0 120.695705458,23.3284383770001,0 120.696289964,23.3284711150001,0 120.698221192,23.329106956,0 120.69897916,23.32912195800001,0 120.699422611,23.328894796,0 120.699834131,23.328597588,0 120.700094075,23.3280969080001,0 120.700251493,23.3271174330001,0 120.70057588,23.3259441270001,0 120.701029874,23.324886199,0 120.701413214,23.3244060700001,0 120.702071575,23.323921946,0 120.704427337,23.3223461040001,0 120.710307199,23.319108419,0 120.72263969,23.313249679,0 120.727111516,23.312209986,0 120.729418211,23.3110485770001,0 120.730155112,23.310684328,0 120.730155236,23.310684268,0 120.730167624,23.310756155,0 120.730321224,23.3111748650001,0 120.730480494,23.31144192,0 120.730624074,23.3116818120001,0 120.730778762,23.31196276,0 120.730994366,23.3121986100001,0 120.731250908,23.3124748170001,0 120.731609626,23.3127577330001,0 120.731764643,23.3130501470001,0 120.731931505,23.313321612,0 120.732086156,23.3135130200001,0 120.732307362,23.313858942,0 120.732526514,23.3140442100001,0 120.732711735,23.314172898,0 120.732848495,23.3142591390001,0 120.733121751,23.3144224440001,0 120.733408416,23.3146198640001,0 120.733774756,23.3148199550001,0 120.734316177,23.3151420900001,0 120.73480811,23.3153850480001,0 120.734939384,23.3154530790001,0 120.735161316,23.3155602200001,0 120.735395477,23.3156601900001,0 120.735571696,23.3157339950001,0 120.735846692,23.315782471,0 120.736043894,23.315894803,0 120.736317899,23.3159961150001,0 120.73666512,23.3160474220001,0 120.737064671,23.316102082,0 120.737673357,23.3161631940001,0 120.737858545,23.3162023450001,0 120.738208575,23.3162650830001,0 120.738399186,23.316320177,0 120.738725203,23.316413335,0 120.738969768,23.3165290970001,0 120.739212827,23.316679349,0 120.739431348,23.3168416670001,0 120.739679487,23.317083613,0 120.739885281,23.317411527,0 120.740072231,23.3177766360001,0 120.740104293,23.3180306730001,0 120.74013087,23.318266481,0 120.740132906,23.318514356,0 120.740164693,23.31884646,0 120.740156965,23.319188705,0 120.740199069,23.31962157,0 120.740260406,23.3200310230001,0 120.740386184,23.320432023,0 120.740568963,23.32073753,0 120.740798475,23.320936305,0 120.74104887,23.3210817900001,0 120.741328639,23.321210482,0 120.741685407,23.321335027,0 120.742248834,23.3214660690001,0 120.742684848,23.321489994,0 120.743514811,23.32154573,0 120.744474502,23.321614401,0 120.745109004,23.3216197470001,0 120.745792645,23.321603248,0 120.746369389,23.321589327,0 120.747019512,23.3217067850001,0 120.747214262,23.321731932,0 120.747517403,23.321807246,0 120.747856133,23.321909255,0 120.748150814,23.32212481,0 120.748357255,23.322298892,0 120.748572646,23.3225255460001,0 120.748825769,23.3228546010001,0 120.74904344,23.323161554,0 120.749267919,23.323445382,0 120.749597865,23.3236761650001,0 120.749747858,23.32378961500009,0 120.749929636,23.3239711730001,0 120.750073356,23.324038855,0 120.75013254,23.3241958260001,0 120.750174581,23.324362391,0 120.750201108,23.3245959130001,0 120.75022555,23.3247560140001,0 120.750269546,23.324991405,0 120.750324862,23.325187504,0 120.750468218,23.3255054260001,0 120.750613036,23.3256993460001,0 120.750823462,23.3259261260001,0 120.751118614,23.3261577420001,0 120.751370341,23.326261845,0 120.751570722,23.326309807,0 120.751925304,23.326356332,0 120.752152508,23.326385272,0 120.752387293,23.3265058540001,0 120.752639663,23.326720134,0 120.752872719,23.3270427840001,0 120.753235075,23.3277135270001,0 120.7532684,23.328011154,0 120.753251107,23.328190632,0 120.753102158,23.328552358,0 120.752970231,23.328812666,0 120.752850279,23.3290566210001,0 120.752702405,23.32919332100001,0 120.752454217,23.329477103,0 120.752312543,23.329744539,0 120.752215755,23.3299282350001,0 120.752175486,23.33017484,0 120.752198338,23.3305415950001,0 120.752261173,23.33082703700009,0 120.752381395,23.331030721,0 120.752548656,23.331226411,0 120.75283605,23.331359503,0 120.75316604,23.331415792,0 120.753471302,23.331477282,0 120.753891382,23.331552071,0 120.754236753,23.33162405200011,0 120.754725659,23.3317568590001,0 120.75510085,23.3319153580001,0 120.755423904,23.3320774310001,0 120.755847238,23.33235412800011,0 120.756444266,23.33278964,0 120.756776463,23.333098385,0 120.757202395,23.333641325,0 120.757420627,23.3339666160001,0 120.757737763,23.334445622,0 120.758095084,23.334985843,0 120.758208725,23.335082121,0 120.758434378,23.3354837430001,0 120.75869679,23.3360666090001,0 120.758827745,23.3364438300001,0 120.758856251,23.336635771,0 120.758844512,23.3367463760001,0 120.758706544,23.3370622300001,0 120.758661437,23.3371317830001,0 120.758601408,23.337224345,0 120.758091128,23.337213494,0 120.756826843,23.337394627,0 120.756066414,23.337693702,0 120.755386986,23.338317988,0 120.75484313,23.338919909,0 120.754298814,23.3397701600001,0 120.754053624,23.3403206200001,0 120.753862627,23.340898259,0 120.753888589,23.341573311,0 120.753803235,23.343704319,0 120.753428047,23.3448076770001,0 120.753113651,23.3456740870001,0 120.752713218,23.346208496,0 120.752173494,23.346699793,0 120.750069023,23.348716966,0 120.748193604,23.350468087,0 120.747856503,23.350704588,0 120.747579447,23.3507854120001,0 120.746518652,23.3509146370001,0 120.745665792,23.351310584,0 120.745355447,23.3517796510001,0 120.745097532,23.352481331,0 120.745006275,23.353781536,0 120.744967324,23.3543345740001,0 120.74494589,23.35483797400011,0 120.744714113,23.355131079,0 120.744011015,23.355592729,0 120.743640909,23.3560571800001,0 120.743223018,23.3567594370001,0 120.743150521,23.3568734310001,0 120.742387597,23.3571771260001,0 120.741736125,23.357327308,0 120.741009154,23.3573193340001,0 120.739186393,23.3566232370001,0 120.737569119,23.356358659,0 120.730452525,23.3563939740001,0 120.726881169,23.3564826,0 120.726095514,23.356702467,0 120.725223554,23.3571253580001,0 120.724264446,23.3579363900001,0 120.722972801,23.356809852,0 120.721675621,23.3558571240001,0 120.720517817,23.355204889,0 120.719349464,23.3546338990001,0 120.718242279,23.354340688,0 120.717078492,23.3540044740001,0 120.716049675,23.3537294500001,0 120.714854146,23.3535218420001,0 120.713930154,23.3534704910001,0 120.713233358,23.353584353,0 120.71097344,23.354587065,0 120.710347046,23.3550035540001,0 120.70996462,23.35503445200001,0 120.709304765,23.354809732,0 120.708505987,23.3545192820001,0 120.708071884,23.3545613680001,0 120.706975878,23.354900211,0 120.706569317,23.35534644400011,0 120.705476454,23.3571752600001,0 120.705089413,23.3575650880001,0 120.701590597,23.360431926,0 120.701263665,23.3606895660001,0 120.700843774,23.3608178970001,0 120.700470505,23.360946315,0 120.69995756,23.3609883780001,0 
						</coordinates>
					</LinearRing>
				</outerBoundaryIs>
			</Polygon>
		</Placemark>
	</Folder>
	<Folder id="5E65CB4DA3000001">
		<name>茶山</name>
		<styleUrl>#__managed_style_0AE770CC7A41881BFC44</styleUrl>
		<Placemark id="5E65CB4DA3000002">
			<name>titisa’x</name>
			<LookAt>
				<longitude>120.6653467766821</longitude>
				<latitude>23.33770669492083</latitude>
				<altitude>621.8692973485992</altitude>
				<heading>-72.8323754748685</heading>
				<tilt>78.82928813810767</tilt>
				<gx:fovy>35</gx:fovy>
				<range>1595.255756382539</range>
				<altitudeMode>absolute</altitudeMode>
			</LookAt>
			<styleUrl>#__managed_style_0F9769DC9241881BFC3C</styleUrl>
			<Point>
				<coordinates>120.6653467766821,23.33770669492083,621.8692973485992</coordinates>
			</Point>
		</Placemark>
		<Placemark id="5E65CB4DA3000003">
			<name>kapukapua</name>
			<LookAt>
				<longitude>120.704175942173</longitude>
				<latitude>23.30404244407059</latitude>
				<altitude>1389.634405277125</altitude>
				<heading>113.1188483259514</heading>
				<tilt>75.92525250099814</tilt>
				<gx:fovy>35</gx:fovy>
				<range>1770.053237659741</range>
				<altitudeMode>absolute</altitudeMode>
			</LookAt>
			<styleUrl>#__managed_style_0F9769DC9241881BFC3C</styleUrl>
			<Point>
				<coordinates>120.7043282042777,23.30449961492522,1363.901270056504</coordinates>
			</Point>
		</Placemark>
		<Placemark id="5E65CB4DA3000004">
			<name>yaviana</name>
			<description><![CDATA[<div><span class="font" style="font-family:&quot;Times New Roman&quot;, serif"><span class="size" style="font-size:12pt">zou ya maemoemoo eni, la
ahoza esmizi ho te uhne cayamavana</span></span><br></div>]]></description>
			<LookAt>
				<longitude>120.6734376398038</longitude>
				<latitude>23.31336475237428</latitude>
				<altitude>427.6171052757307</altitude>
				<heading>-163.7670278400958</heading>
				<tilt>30.44264690667813</tilt>
				<gx:fovy>35</gx:fovy>
				<range>929.7432539850706</range>
				<altitudeMode>absolute</altitudeMode>
			</LookAt>
			<styleUrl>#__managed_style_0F9769DC9241881BFC3C</styleUrl>
			<Point>
				<coordinates>120.6704640450009,23.31341639107824,300.8892518742869</coordinates>
			</Point>
		</Placemark>
		<Placemark id="5E65CB4DA3000005">
			<name>phoiana</name>
			<description><![CDATA[<div><span class="font" style="font-family:&quot;Times New Roman&quot;, serif"><span class="size" style="font-size:12pt">pano mosola acni uso nola
e’oh</span></span><s><span class="font" style="font-family:&quot;Times New Roman&quot;, serif"><span class="size" style="font-size:12pt">u</span></span></s><span class="font" style="font-family:&quot;Times New Roman&quot;, serif"><span class="size" style="font-size:12pt"> ci ‘akuyaiana ci oko.
ohecula ‘ucea a</span></span><s><span class="font" style="font-family:&quot;Times New Roman&quot;, serif"><span class="size" style="font-size:12pt">u</span></span></s><span class="font" style="font-family:&quot;Times New Roman&quot;, serif"><span class="size" style="font-size:12pt">t’</span></span><s><span class="font" style="font-family:&quot;Times New Roman&quot;, serif"><span class="size" style="font-size:12pt"> u</span></span></s><span class="font" style="font-family:&quot;Times New Roman&quot;, serif"><span class="size" style="font-size:12pt">ca i’eima na maameoisi no
oko. ‘iama phoi. ohecuc’ola yainca na niacula conoemoosi no nia oko no phoi
phoiana.</span></span><br></div>]]></description>
			<LookAt>
				<longitude>120.6877747710033</longitude>
				<latitude>23.31510743182506</latitude>
				<altitude>689.6929500570188</altitude>
				<heading>83.54416803417334</heading>
				<tilt>66.17015654529656</tilt>
				<gx:fovy>35</gx:fovy>
				<range>5255.719796761405</range>
				<altitudeMode>absolute</altitudeMode>
			</LookAt>
			<styleUrl>#__managed_style_0F9769DC9241881BFC3C</styleUrl>
			<Point>
				<coordinates>120.6827261843128,23.31353678797021,808.7942358705666</coordinates>
			</Point>
		</Placemark>
		<Placemark id="5E65CB4DA3000006">
			<name>cuuc’u</name>
			<description><![CDATA[<div><span class="font" style="font-family:&quot;Times New Roman&quot;, serif"><span class="size" style="font-size:12pt">mosola yaa cuc’u aesi to
ic’o.</span></span><br></div>]]></description>
			<LookAt>
				<longitude>120.6855515132272</longitude>
				<latitude>23.3070907315714</latitude>
				<altitude>796.0361358094187</altitude>
				<heading>96.91701702593308</heading>
				<tilt>53.36339951787199</tilt>
				<gx:fovy>35</gx:fovy>
				<range>706.7407697834278</range>
				<altitudeMode>absolute</altitudeMode>
			</LookAt>
			<styleUrl>#__managed_style_0F9769DC9241881BFC3C</styleUrl>
			<Point>
				<coordinates>120.6850208346111,23.30648858270438,797.5969318366181</coordinates>
			</Point>
		</Placemark>
		<Placemark id="5E65CB4DA3000007">
			<name>cayamavana</name>
			<description><![CDATA[<p class="MsoNormal"><span lang="EN-US">eni ’o a<s><span style="color: black;">u</span></s>l<s><span style="color: black;">u</span></s> maemoemo ci la yainca cayamavana, nia la hupa
no nia la takupuyan<s><span style="color: black;">u</span></s> , mohcu la aapayo’<s><span style="color: black;"> u</span></s> , ohe he cu la teai le a<s><span style="color: black;">u</span></s>t’ci no ’uachumu ne moso la maaya, mohcu la
mongoi ’o maaya, ohe cu la teai chana to nia goocoo ci uyong<s><span style="color: black;">u</span></s> ’e yataayungana, moso cu la ahoi oh’usnu tan’e
’o cou, ataveisi, ausuhcu botngon<s><span style="color: black;">u</span></s> ohe
cu la pa no’hunu ho pa cono you, la cu enca chasan-chun maitan’e.</span><br></p><div><span class="font" style="font-family:&quot;Times New Roman&quot;, serif"><span class="size" style="font-size:12pt">moso la na’no ’atutumzo na
moso la ahoi yontan’e, ’o’a moso la ’osni nov’oh<s><span style="color: black;">u</span></s> na cou, ’o’a moso noana’o, moso la ya meoino cmoehu, moso cu la ya sbukunu ho
puutu ci moso maezo uhtan’e, ko’ko maitan’e, mo atvoh<s><span style="color: black;">u</span></s> to mocmo ci yatiskova, atinghi mo na’no si meel<s><span style="color: black;">u</span></s> buacou.</span></span><br></div>]]></description>
			<LookAt>
				<longitude>120.6728274508121</longitude>
				<latitude>23.30252262601538</latitude>
				<altitude>490.9030805173388</altitude>
				<heading>82.12200999276585</heading>
				<tilt>53.79841704671948</tilt>
				<gx:fovy>35</gx:fovy>
				<range>4766.530788782984</range>
				<altitudeMode>absolute</altitudeMode>
			</LookAt>
			<styleUrl>#__managed_style_0F9769DC9241881BFC3C</styleUrl>
			<Point>
				<coordinates>120.6654073702691,23.29837625792697,426.2185453552467</coordinates>
			</Point>
		</Placemark>
		<Placemark id="5E65CB4DA3000008">
			<name>ya-lauya</name>
			<description><![CDATA[<div><span class="font" style="font-family:&quot;Times New Roman&quot;, serif"><span class="size" style="font-size:12pt">panto moso conci lauya to
ic’o ho at’ingi na’no kahk</span></span><s><span class="font" style="font-family:&quot;Times New Roman&quot;, serif"><span class="size" style="font-size:12pt">u</span></span></s><span class="font" style="font-family:&quot;Times New Roman&quot;, serif"><span class="size" style="font-size:12pt">mn</span></span><s><span class="font" style="font-family:&quot;Times New Roman&quot;, serif"><span class="size" style="font-size:12pt">u</span></span></s><span class="font" style="font-family:&quot;Times New Roman&quot;, serif"><span class="size" style="font-size:12pt">.</span></span><br></div>]]></description>
			<LookAt>
				<longitude>120.6949165145878</longitude>
				<latitude>23.32136696817167</latitude>
				<altitude>1023.311732596768</altitude>
				<heading>-155.6567089218816</heading>
				<tilt>81.36017111810128</tilt>
				<gx:fovy>35</gx:fovy>
				<range>276.2917716768425</range>
				<altitudeMode>absolute</altitudeMode>
			</LookAt>
			<styleUrl>#__managed_style_0F9769DC9241881BFC3C</styleUrl>
			<Point>
				<coordinates>120.6948984194332,23.32185258911975,1020.742504939733</coordinates>
			</Point>
		</Placemark>
		<Placemark id="5E65CB4DA3000009">
			<name>takupuyanx</name>
			<description><![CDATA[<p class="MsoNormal"><span lang="EN-US">’a ongko no nia la yatatiskova ci moso la
eontan’e, ohcu la yaeza ieni ho tos’onki ’o c’oeha enca takupuyan<s><span style="color: black;">u</span></s></span><br></p><div><br></div>]]></description>
			<LookAt>
				<longitude>120.6820534586729</longitude>
				<latitude>23.33004785709237</latitude>
				<altitude>403.0560534062645</altitude>
				<heading>123.1132859487493</heading>
				<tilt>22.11012524043353</tilt>
				<gx:fovy>35</gx:fovy>
				<range>1708.18629150308</range>
				<altitudeMode>absolute</altitudeMode>
			</LookAt>
			<styleUrl>#__managed_style_0F9769DC9241881BFC3C</styleUrl>
			<Point>
				<coordinates>120.6817569977966,23.32979550932946,399.5106289244894</coordinates>
			</Point>
		</Placemark>
		<Placemark id="5E65CB4DA300000A">
			<name>taipicana</name>
			<description><![CDATA[<div><span class="font" style="font-family: &quot;Times New Roman&quot;, serif;"><span class="size" style="font-size: 12pt;">moc’o ake’i nocmu’u ne
takupuyan<s><span style="color: black;">u</span></s> ci mo ya hnou</span></span><br></div>]]></description>
			<LookAt>
				<longitude>120.6738906563266</longitude>
				<latitude>23.32123820870305</latitude>
				<altitude>446.529109920021</altitude>
				<heading>0</heading>
				<tilt>0</tilt>
				<gx:fovy>35</gx:fovy>
				<range>451.1987902886176</range>
				<altitudeMode>absolute</altitudeMode>
			</LookAt>
			<styleUrl>#__managed_style_0F9769DC9241881BFC3C</styleUrl>
			<Point>
				<coordinates>120.6743666430068,23.32146837900792,441.6448042103696</coordinates>
			</Point>
		</Placemark>
		<Placemark id="5E65CB4DA300000B">
			<name>yavaiana</name>
			<description><![CDATA[<div><span class="font" style="font-family:&quot;Times New Roman&quot;, serif"><span class="size" style="font-size:12pt">ohela yoni no emoo no
mosola yavai na ongkosi.</span></span><br></div>]]></description>
			<LookAt>
				<longitude>120.7097448940657</longitude>
				<latitude>23.306477475073</latitude>
				<altitude>1576.709547577074</altitude>
				<heading>0</heading>
				<tilt>0</tilt>
				<gx:fovy>35</gx:fovy>
				<range>1044.276195614948</range>
				<altitudeMode>absolute</altitudeMode>
			</LookAt>
			<styleUrl>#__managed_style_0F9769DC9241881BFC3C</styleUrl>
			<Point>
				<coordinates>120.7095455483041,23.30689700768654,1597.036168569513</coordinates>
			</Point>
		</Placemark>
	</Folder>
	<Folder id="5E65D5A7FB000001">
		<name>新美地名</name>
		<styleUrl>#__managed_style_0AE770CC7A41881BFC44</styleUrl>
		<Folder id="5E65D5A7FB000002">
			<name>新美</name>
			<styleUrl>#__managed_style_0AE770CC7A41881BFC44</styleUrl>
			<Placemark id="5E65D5A7FB000003">
				<name>ya’isana</name>
				<description><![CDATA[<div><b><span class="font" style="font-family:&quot;Times New Roman&quot;, serif"><span class="size" style="font-size:14pt">mosola
yaa h<s>u</s>ngno fi’i to ic’o.</span></span></b><br></div>]]></description>
				<LookAt>
					<longitude>120.6909320298332</longitude>
					<latitude>23.34444925407108</latitude>
					<altitude>760.2796223030533</altitude>
					<heading>16.54997761542601</heading>
					<tilt>67.83651060104893</tilt>
					<gx:fovy>35</gx:fovy>
					<range>1110.489683334745</range>
					<altitudeMode>absolute</altitudeMode>
				</LookAt>
				<styleUrl>#__managed_style_073659B4AF418826539F</styleUrl>
				<Point>
					<coordinates>120.6918004852726,23.34733971488379,796.1731480490856</coordinates>
				</Point>
			</Placemark>
			<Placemark id="5E65D5A7FB000004">
				<name>yapayangana</name>
				<description><![CDATA[<div><b><span class="font" style="font-family:&quot;Times New Roman&quot;, serif"><span class="size" style="font-size:14pt">mo
yonto hcuyu to mia’unu ne yai’sana</span></span></b><br></div>]]></description>
				<LookAt>
					<longitude>120.6954618784797</longitude>
					<latitude>23.35654538085529</latitude>
					<altitude>1154.154883032764</altitude>
					<heading>12.77009350024507</heading>
					<tilt>81.22780924631031</tilt>
					<gx:fovy>35</gx:fovy>
					<range>1994.795849666116</range>
					<altitudeMode>absolute</altitudeMode>
				</LookAt>
				<styleUrl>#__managed_style_073659B4AF418826539F</styleUrl>
				<Point>
					<coordinates>120.6963575385466,23.35496091552709,1344.595890437003</coordinates>
				</Point>
			</Placemark>
			<Placemark id="5E65D5A7FB000005">
				<name>chumu no angmu 荷蘭水</name>
				<description><![CDATA[<div><b><span class="font" style="font-family:&quot;Times New Roman&quot;, serif"><span class="size" style="font-size:14pt">ho
moson’ala teiseiko. pano ohela peobanga ci ‘olanta. p’usnu to ic’o. moso mimo
no chumu to ic’o ho mohcu ngoseo. ho mohcu mimo. moso i’vaho na’no taso hocu
toekameos<s>u</s>. ‘anaihe ticuna no moso meobango.</span></span></b><br></div>]]></description>
				<Camera>
					<longitude>120.6951927268261</longitude>
					<latitude>23.34848740286907</latitude>
					<altitude>829.8619384765625</altitude>
					<heading>250.9257688080879</heading>
					<tilt>43.1475890993087</tilt>
					<roll>0</roll>
					<gx:fovy>35</gx:fovy>
					<altitudeMode>absolute</altitudeMode>
				</Camera>
				<styleUrl>#__managed_style_073659B4AF418826539F</styleUrl>
				<Point>
					<extrude>1</extrude>
					<coordinates>120.6951927268261,23.34848740286907,0</coordinates>
				</Point>
			</Placemark>
			<Placemark id="5E65D5A7FB000006">
				<name>takuingana</name>
				<description><![CDATA[<div><b><span class="font" style="font-family:&quot;Times New Roman&quot;, serif"><span class="size" style="font-size:14pt">mo
yonto omza to chumno ‘angmu. ohola ahoza yoni to yane yai’sana.</span></span></b><br></div>]]></description>
				<LookAt>
					<longitude>120.6928846128305</longitude>
					<latitude>23.34468219586471</latitude>
					<altitude>728.0946597506046</altitude>
					<heading>22.70273203115831</heading>
					<tilt>75.04943534648108</tilt>
					<gx:fovy>35</gx:fovy>
					<range>1375.389433150267</range>
					<altitudeMode>absolute</altitudeMode>
				</LookAt>
				<styleUrl>#__managed_style_14BEAAC2F141882653A0</styleUrl>
				<Polygon>
					<outerBoundaryIs>
						<LinearRing>
							<coordinates>
								120.6926864082436,23.34309815313428,0 120.6928153735731,23.34324073370857,0 120.6926906819211,23.34277577525547,0 120.6927719933618,23.34276191169151,0 120.6932305365532,23.34276081943681,0 120.6937942556577,23.34309884603904,0 120.6941734443586,23.34321003821715,0 120.6943295565952,23.34332767546912,0 120.6947306527036,23.34363812155241,0 120.6946283739255,23.34350421610474,0 120.6948772431676,23.34369071570435,0 120.6951898286994,23.34389636750453,0 120.6955471688026,23.34454970476914,0 120.6962097642882,23.34509625362268,0 120.6959718368331,23.34535658451185,0 120.6961482369492,23.34710456927903,0 120.695421773014,23.34685651119188,0 120.6950254881066,23.34727743056698,0 120.6942894607719,23.34705581265533,0 120.6933340552584,23.34539980924639,0 120.6931442057636,23.34477601038683,0 120.6928985475172,23.34391858651,0 120.6927639743021,23.34339059625844,0 120.6926864082436,23.34309815313428,0 
							</coordinates>
						</LinearRing>
					</outerBoundaryIs>
				</Polygon>
			</Placemark>
			<Placemark id="5E65D5A7FB000007">
				<name>yipaipangu</name>
				<description><![CDATA[<div><span class="font" style="font-family:新細明體, serif"><span class="size" style="font-size:14pt">指現今第二鄰（原有之地名）</span></span><br></div>]]></description>
				<LookAt>
					<longitude>120.6852269972789</longitude>
					<latitude>23.34485673542108</latitude>
					<altitude>575.6932100751058</altitude>
					<heading>2.59604559295161</heading>
					<tilt>9.727850954217033</tilt>
					<gx:fovy>35</gx:fovy>
					<range>2252.097796990711</range>
					<altitudeMode>absolute</altitudeMode>
				</LookAt>
				<styleUrl>#__managed_style_073659B4AF418826539F</styleUrl>
				<Point>
					<coordinates>120.6852103784285,23.34487193193711,575.4936006185014</coordinates>
				</Point>
			</Placemark>
			<Placemark id="5E65D5A7FB000008">
				<name>niahosa（takupuyanx舊部落）</name>
				<description><![CDATA[<div><b><span class="font" style="font-family:&quot;Times New Roman&quot;, serif"><span class="size" style="font-size:14pt">nia
la anana’o hosa ne singvi. ohcula pkaaki hocuc’o ach<s>u</s>ma yainca niahosa.</span></span></b><br></div>]]></description>
				<LookAt>
					<longitude>120.6801964132805</longitude>
					<latitude>23.33263787129907</latitude>
					<altitude>538.6852490884596</altitude>
					<heading>16.35316182622445</heading>
					<tilt>70.98157780339089</tilt>
					<gx:fovy>35</gx:fovy>
					<range>897.2788541138289</range>
					<altitudeMode>absolute</altitudeMode>
				</LookAt>
				<styleUrl>#__managed_style_073659B4AF418826539F</styleUrl>
				<Point>
					<coordinates>120.6810026148822,23.33268761568126,542.7230758784771</coordinates>
				</Point>
			</Placemark>
			<Placemark id="5E65D5A7FB000009">
				<name>thuthusu</name>
				<description><![CDATA[<div><b><span class="font" style="font-family:&quot;Times New Roman&quot;, serif"><span class="size" style="font-size:14pt">isi
ala mi’uni ne singvi. mo y<s>uu</s>n’<s>u.</s> uk’a ci a’<s>u</s>mt<s>u</s> evisi. la ‘aoko pae’<s>u</s>h<s>u</s>.</span></span></b><br></div><div><br></div>]]></description>
				<LookAt>
					<longitude>120.6688842437941</longitude>
					<latitude>23.34003203547323</latitude>
					<altitude>567.0191189614882</altitude>
					<heading>-84.95852336199646</heading>
					<tilt>76.59441735535896</tilt>
					<gx:fovy>35</gx:fovy>
					<range>3087.124956798507</range>
					<altitudeMode>absolute</altitudeMode>
				</LookAt>
				<styleUrl>#__managed_style_073659B4AF418826539F</styleUrl>
				<Point>
					<coordinates>120.6636845298335,23.34206874822927,567.0191189614882</coordinates>
				</Point>
			</Placemark>
			<Placemark id="5E65D5A7FB00000A">
				<name>f‘ufu no kokongx</name>
				<description><![CDATA[<div>此地貌很像攀木蜥蜴的背部，因此命名<br></div>]]></description>
				<LookAt>
					<longitude>120.6626773129505</longitude>
					<latitude>23.33597435996264</latitude>
					<altitude>738.5364891086814</altitude>
					<heading>-71.74063626308707</heading>
					<tilt>78.82051997918595</tilt>
					<gx:fovy>35</gx:fovy>
					<range>601.3168564779335</range>
					<altitudeMode>absolute</altitudeMode>
				</LookAt>
				<styleUrl>#__managed_style_073659B4AF418826539F</styleUrl>
				<Point>
					<coordinates>120.6629204880198,23.3363530100273,738.7622405009492</coordinates>
				</Point>
			</Placemark>
			<Placemark id="5E65D5A7FB00000B">
				<name>monohicu</name>
				<description><![CDATA[<div><b><span class="font" style="font-family:&quot;Times New Roman&quot;, serif"><span class="size" style="font-size:14pt">mo
maezo yonto isi mi’uni ne singvi. acni hola pae’<s>u</s>h<s>u</s>. o’ala hov’oh<s>u</s> ho’upu. hoci afu’u hov’oh<s>u</s>. ‘atena ahtu o’te m<s>u</s>ch<s>u</s>.</span></span></b><br></div>]]></description>
				<LookAt>
					<longitude>120.6597332447702</longitude>
					<latitude>23.33352292090726</latitude>
					<altitude>747.9530214496439</altitude>
					<heading>-60.27681047001658</heading>
					<tilt>67.26121682257399</tilt>
					<gx:fovy>35</gx:fovy>
					<range>3577.657894698205</range>
					<altitudeMode>absolute</altitudeMode>
				</LookAt>
				<styleUrl>#__managed_style_073659B4AF418826539F</styleUrl>
				<Point>
					<coordinates>120.6597333434261,23.33116316457874,597.4838204880865</coordinates>
				</Point>
			</Placemark>
			<Placemark id="5E65D5A7FB00000C">
				<name>yunguana（獨立山）</name>
				<description><![CDATA[<div>此地被曾文溪及takupuyanu溪包圍，看起來是一個獨立的山。由地貌的關係來命名。<br></div><div><br></div>]]></description>
				<LookAt>
					<longitude>120.6695954591782</longitude>
					<latitude>23.32763905538463</latitude>
					<altitude>552.6294851284833</altitude>
					<heading>34.83256895210792</heading>
					<tilt>55.99387604326472</tilt>
					<gx:fovy>35</gx:fovy>
					<range>3974.084587414982</range>
					<altitudeMode>absolute</altitudeMode>
				</LookAt>
				<styleUrl>#__managed_style_073659B4AF418826539F</styleUrl>
				<Point>
					<coordinates>120.6695954591782,23.32763905538463,552.6294851284833</coordinates>
				</Point>
			</Placemark>
			<Placemark id="5E65D5A7FB00000D">
				<name>txpx no yaiku</name>
				<description><![CDATA[<div>意指yaiku 最深的地方，但在巫師的眼裡，這裡是鬼的高樓大廈，因此也稱為「鬼潭」。<br></div><div><br></div>]]></description>
				<LookAt>
					<longitude>120.6665460653924</longitude>
					<latitude>23.32430316607098</latitude>
					<altitude>305.2432728872149</altitude>
					<heading>89.77238530215536</heading>
					<tilt>43.84017184063583</tilt>
					<gx:fovy>35</gx:fovy>
					<range>231.2121057828699</range>
					<altitudeMode>absolute</altitudeMode>
				</LookAt>
				<styleUrl>#__managed_style_073659B4AF418826539F</styleUrl>
				<Point>
					<coordinates>120.6671905580321,23.32017883566454,305.3142214385331</coordinates>
				</Point>
			</Placemark>
			<Placemark id="5E65D5A7FB00000E">
				<name>yaasayaoa</name>
				<description><![CDATA[<div><b><span class="font" style="font-family: &quot;Times New Roman&quot;, serif;"><span class="size" style="font-size: 14pt;">mosola
na’no man’i na nia sayaosi.</span></span></b><br></div>]]></description>
				<LookAt>
					<longitude>120.6840482288109</longitude>
					<latitude>23.32844045730717</latitude>
					<altitude>496.0900640729478</altitude>
					<heading>-164.8762132901145</heading>
					<tilt>31.14401047256163</tilt>
					<gx:fovy>35</gx:fovy>
					<range>1376.758951141237</range>
					<altitudeMode>absolute</altitudeMode>
				</LookAt>
				<styleUrl>#__managed_style_073659B4AF418826539F</styleUrl>
				<Point>
					<coordinates>120.6822569351257,23.32783987163571,473.5226730169087</coordinates>
				</Point>
			</Placemark>
			<Placemark id="5E65D5A7FC00000F">
				<name>epeapi</name>
				<description><![CDATA[<div><b><span class="font" style="font-family:&quot;Times New Roman&quot;, serif"><span class="size" style="font-size:14pt">e’vono
la yaa ch<s>u</s>m<s>u</s>a. la acni al<s>u</s> epeapi homo afu’u poyapo na ch<s>u</s>musi.</span></span></b><br></div>]]></description>
				<LookAt>
					<longitude>120.6969418107867</longitude>
					<latitude>23.33430660515976</latitude>
					<altitude>734.9619573915638</altitude>
					<heading>33.00360029862183</heading>
					<tilt>70.9814313924993</tilt>
					<gx:fovy>35</gx:fovy>
					<range>807.3563510361419</range>
					<altitudeMode>absolute</altitudeMode>
				</LookAt>
				<styleUrl>#__managed_style_073659B4AF418826539F</styleUrl>
				<Point>
					<coordinates>120.6972437013828,23.33484872432816,693.4889906641504</coordinates>
				</Point>
			</Placemark>
			<Placemark id="5E65D5A7FC000010">
				<name>peisia na moatunu（toos’ahifi）</name>
				<description><![CDATA[<div><b><span class="font" style="font-family: &quot;Times New Roman&quot;, serif;"><span class="size" style="font-size: 14pt;">pano
mosola nana mcoi ci takupuyanu. ohe ac<s>u</s>ha to’seni to ic’o na nia
macucumasi. o’ala ‘unano yaa na fousi to ic’o. oho’sola yainca o’a mo cofkoya
na ic’o.</span></span></b><br></div>]]></description>
				<LookAt>
					<longitude>120.6965650775137</longitude>
					<latitude>23.33162540067741</latitude>
					<altitude>699.9706180242522</altitude>
					<heading>40.70060715941531</heading>
					<tilt>70.98088045906549</tilt>
					<gx:fovy>35</gx:fovy>
					<range>742.5439955528418</range>
					<altitudeMode>absolute</altitudeMode>
				</LookAt>
				<styleUrl>#__managed_style_073659B4AF418826539F</styleUrl>
				<Point>
					<coordinates>120.6969379620937,23.33181285725346,688.2721374767374</coordinates>
				</Point>
			</Placemark>
			<Placemark id="5E65D5A7FC000011">
				<name>yavaiyana</name>
				<description><![CDATA[<div>卓武山</div>]]></description>
				<LookAt>
					<longitude>120.7095668975868</longitude>
					<latitude>23.3059804013452</latitude>
					<altitude>1538.686555796986</altitude>
					<heading>-19.81248881231454</heading>
					<tilt>66.46625035583436</tilt>
					<gx:fovy>35</gx:fovy>
					<range>2244.40746952314</range>
					<altitudeMode>absolute</altitudeMode>
				</LookAt>
				<styleUrl>#__managed_style_073659B4AF418826539F</styleUrl>
				<Point>
					<coordinates>120.7093651529292,23.307099188009,1596.774251678208</coordinates>
				</Point>
			</Placemark>
			<Placemark id="5E65D5A7FC000012">
				<name>yakatani </name>
				<LookAt>
					<longitude>120.6872014779861</longitude>
					<latitude>23.32940278685534</latitude>
					<altitude>497.7984759260073</altitude>
					<heading>161.2809515628737</heading>
					<tilt>66.08300171161095</tilt>
					<gx:fovy>35</gx:fovy>
					<range>729.1202716868429</range>
					<altitudeMode>absolute</altitudeMode>
				</LookAt>
				<styleUrl>#__managed_style_073659B4AF418826539F</styleUrl>
				<Point>
					<coordinates>120.6945492522422,23.32794235657748,497.9889450394039</coordinates>
				</Point>
			</Placemark>
			<Placemark id="5E65D5A7FC000013">
				<name>pae’ohsa</name>
				<description><![CDATA[<div><b style="caret-color: rgb(0, 0, 0); color: rgb(0, 0, 0); font-style: normal; font-variant-caps: normal; letter-spacing: normal; orphans: 2; text-align: start; text-indent: 0px; text-transform: none; white-space: normal; widows: 2; word-spacing: 0px; text-decoration-line: none; text-decoration-thickness: auto; text-decoration-style: solid;"><span class="font" style="font-family:&quot;Times New Roman&quot;, serif"><span class="size" style="font-size:14pt">mo yone al<s>u</s><span class="Apple-converted-space">&nbsp;</span>pae’osa ne saviki ho singvi</span></span></b><br></div>]]></description>
				<LookAt>
					<longitude>120.681892135036</longitude>
					<latitude>23.35611589599173</latitude>
					<altitude>618.8691374183179</altitude>
					<heading>0</heading>
					<tilt>0</tilt>
					<gx:fovy>35</gx:fovy>
					<range>654.2336799314216</range>
					<altitudeMode>absolute</altitudeMode>
				</LookAt>
				<styleUrl>#__managed_style_073659B4AF418826539F</styleUrl>
				<Point>
					<coordinates>120.6826085791709,23.35645216276748,633.0996453438929</coordinates>
				</Point>
			</Placemark>
			<Placemark id="5E65D5A7FC000014">
				<name>yakla</name>
				<description><![CDATA[<div><span class="font" style="font-family:新細明體, serif"><span class="size" style="font-size:14pt">第二鄰滿增雄之地</span></span><br></div>]]></description>
				<LookAt>
					<longitude>120.6791409447168</longitude>
					<latitude>23.35255553242256</latitude>
					<altitude>579.1142872314425</altitude>
					<heading>0</heading>
					<tilt>0</tilt>
					<gx:fovy>35</gx:fovy>
					<range>1211.091033541452</range>
					<altitudeMode>absolute</altitudeMode>
				</LookAt>
				<styleUrl>#__managed_style_073659B4AF418826539F</styleUrl>
				<Point>
					<coordinates>120.6795478527908,23.35208423756995,566.0484035852402</coordinates>
				</Point>
			</Placemark>
			<Placemark id="5E65D5A7FC000015">
				<name>’aibunuyana</name>
				<description><![CDATA[<div><b style="caret-color: rgb(0, 0, 0); color: rgb(0, 0, 0); font-style: normal; font-variant-caps: normal; letter-spacing: normal; orphans: 2; text-align: start; text-indent: 0px; text-transform: none; white-space: normal; widows: 2; word-spacing: 0px; text-decoration-line: none; text-decoration-thickness: auto; text-decoration-style: solid;"><span class="font" style="font-family:&quot;Times New Roman&quot;, serif"><span class="size" style="font-size:14pt">pano mosola mais’a oko homo mongsi ci fkoi. mo tata’e honci panote meel<s>u</s><span class="Apple-converted-space">&nbsp;</span>a<s>u</s>t’<s>u</s>c<s>u</s><span class="Apple-converted-space">&nbsp;</span>ci cou. ‘a pano mohcula al<s>u</s><span class="Apple-converted-space">&nbsp;</span>m<s>u</s>p<s>u</s>t<s>u</s><span class="Apple-converted-space">&nbsp;</span>ci maameoi to peongsi ne tapang<s>u</s>. ohela ‘ucea a<s>u</s>t’<s>u</s>ca. at’ingi o’a ohe azova. honci ntoho a<s>u</s>t’<s>u</s>ca ‘e fkoi. o’a nte’sola peela p’ani nomo nafongku ho tomo nakuzo ci macucuma.</span></span></b><br></div>]]></description>
				<LookAt>
					<longitude>120.6771551013472</longitude>
					<latitude>23.35287882799813</latitude>
					<altitude>561.0011497155047</altitude>
					<heading>40.22534935141919</heading>
					<tilt>59.99782234057706</tilt>
					<gx:fovy>35</gx:fovy>
					<range>480.2309585362673</range>
					<altitudeMode>absolute</altitudeMode>
				</LookAt>
				<styleUrl>#__managed_style_073659B4AF418826539F</styleUrl>
				<Point>
					<coordinates>120.6768128051511,23.35289886595184,553.5766447005369</coordinates>
				</Point>
			</Placemark>
			<Placemark id="5E65D5A7FC000016">
				<name>makuisana</name>
				<description><![CDATA[<div><span class="font" style="font-family:新細明體, serif"><span class="size" style="font-size:14pt">指山美與新美界線之小河流</span></span><span class="font" style="font-family:&quot;Times New Roman&quot;, serif"><span class="size" style="font-size:14pt"><br> </span></span><span class="font" style="font-family:新細明體, serif"><span class="size" style="font-size:14pt">（原有之名稱）</span></span></div>]]></description>
				<LookAt>
					<longitude>120.6817399655639</longitude>
					<latitude>23.35758802681655</latitude>
					<altitude>664.2109865168154</altitude>
					<heading>71.34343246503119</heading>
					<tilt>57.88060337105401</tilt>
					<gx:fovy>35</gx:fovy>
					<range>280.7762431337687</range>
					<altitudeMode>absolute</altitudeMode>
				</LookAt>
				<styleUrl>#__managed_style_073659B4AF418826539F</styleUrl>
				<Point>
					<coordinates>120.6820327210469,23.35751170084357,658.0702091861205</coordinates>
				</Point>
			</Placemark>
			<Placemark id="5E65D5A7FC000017">
				<name>yoyohu</name>
				<description><![CDATA[<div><b style="caret-color: rgb(0, 0, 0); color: rgb(0, 0, 0); font-style: normal; font-variant-caps: normal; letter-spacing: normal; orphans: 2; text-align: start; text-indent: 0px; text-transform: none; white-space: normal; widows: 2; word-spacing: 0px; text-decoration-line: none; text-decoration-thickness: auto; text-decoration-style: solid;"><span class="font" style="font-family:&quot;Times New Roman&quot;, serif"><span class="size" style="font-size:14pt">mos’sola na’no man’i na nia yohu maamtan<s>u</s><span class="Apple-converted-space">&nbsp;</span>ko’ko la yainca.<span class="Apple-converted-space">&nbsp;</span></span></span></b><br></div>]]></description>
				<LookAt>
					<longitude>120.6841160431881</longitude>
					<latitude>23.35272803930623</latitude>
					<altitude>681.3455900291989</altitude>
					<heading>71.34610503480673</heading>
					<tilt>57.88519903894537</tilt>
					<gx:fovy>35</gx:fovy>
					<range>884.2213363177143</range>
					<altitudeMode>absolute</altitudeMode>
				</LookAt>
				<styleUrl>#__managed_style_073659B4AF418826539F</styleUrl>
				<Point>
					<coordinates>120.6841974419716,23.35267502977432,683.0422763539814</coordinates>
				</Point>
			</Placemark>
			<Placemark id="5E65D5A7FC000018">
				<name>yauiana</name>
				<LookAt>
					<longitude>120.7134786455683</longitude>
					<latitude>23.34975194471299</latitude>
					<altitude>1086.494484283314</altitude>
					<heading>13.52802038354649</heading>
					<tilt>58.54538585547759</tilt>
					<gx:fovy>35</gx:fovy>
					<range>2055.743294100976</range>
					<altitudeMode>absolute</altitudeMode>
				</LookAt>
				<styleUrl>#__managed_style_073659B4AF418826539F</styleUrl>
				<Point>
					<coordinates>120.7136924307511,23.35065958933463,1053.725406032594</coordinates>
				</Point>
			</Placemark>
			<Placemark id="5E65D5A7FC000019">
				<name>yaahxhngxa</name>
				<description><![CDATA[<div><b><span lang="EN-US" style="color: black;"><span class="font" style="font-family:&quot;Times New Roman&quot;, serif"><span class="size" style="font-size:14pt">mosola na’no ‘e’evi. at’ingi panto mosola coni cimo
na’no kahk<s>u</s>mn<s>u</s> ci h<s>u</s>hng<s>u</s>. ko’ko la yainca ’e tan’e.</span></span></span></b><br></div>]]></description>
				<LookAt>
					<longitude>120.7166114042795</longitude>
					<latitude>23.3399781541845</latitude>
					<altitude>1098.052187776062</altitude>
					<heading>99.32113245822346</heading>
					<tilt>61.42424445374549</tilt>
					<gx:fovy>35</gx:fovy>
					<range>2691.049821908819</range>
					<altitudeMode>absolute</altitudeMode>
				</LookAt>
				<styleUrl>#__managed_style_073659B4AF418826539F</styleUrl>
				<Point>
					<coordinates>120.7147801195409,23.34103948059654,1102.110419741751</coordinates>
				</Point>
			</Placemark>
			<Placemark id="5E65D5A7FC00001A">
				<name>yaaoyua</name>
				<description><![CDATA[<div><b><span class="font" style="font-family:&quot;Times New Roman&quot;, serif"><span class="size" style="font-size:14pt">mo
i’mi ho mosola yaa oyu to ic’o.</span></span></b><br></div>]]></description>
				<LookAt>
					<longitude>120.7168330593172</longitude>
					<latitude>23.34306728793379</latitude>
					<altitude>970.4045298176197</altitude>
					<heading>99.32246857964917</heading>
					<tilt>61.43867674804776</tilt>
					<gx:fovy>35</gx:fovy>
					<range>4519.048170492752</range>
					<altitudeMode>absolute</altitudeMode>
				</LookAt>
				<styleUrl>#__managed_style_073659B4AF418826539F</styleUrl>
				<Point>
					<coordinates>120.718225110447,23.34141764142235,1134.903689396777</coordinates>
				</Point>
			</Placemark>
			<Placemark id="5E65D5A7FC00001B">
				<name>feongo</name>
				<description><![CDATA[<div><b><span class="font" style="font-family:&quot;Times New Roman&quot;, serif"><span class="size" style="font-size:14pt">mosola
na’no yuyu’eo ho pano moso na’no meoino feongo to ic’o.</span></span></b><br></div>]]></description>
				<LookAt>
					<longitude>120.7348810953557</longitude>
					<latitude>23.33892896176861</latitude>
					<altitude>1797.781241748349</altitude>
					<heading>52.41890360614939</heading>
					<tilt>78.25099441852697</tilt>
					<gx:fovy>35</gx:fovy>
					<range>339.1016057530578</range>
					<altitudeMode>absolute</altitudeMode>
				</LookAt>
				<styleUrl>#__managed_style_073659B4AF418826539F</styleUrl>
				<Point>
					<coordinates>120.7351312344922,23.3389886227681,1821.047618774522</coordinates>
				</Point>
			</Placemark>
			<Placemark id="5E65D5A7FC00001C">
				<name>neisakx</name>
				<description><![CDATA[<div><b><span class="font" style="font-family:新細明體, serif"><span class="size" style="font-size:14pt">林班地</span></span><span class="font" style="font-family:&quot;Times New Roman&quot;, serif"><span class="size" style="font-size:14pt">141</span></span><span class="font" style="font-family:新細明體, serif"><span class="size" style="font-size:14pt">號（原有之名稱）</span></span></b><br></div>]]></description>
				<LookAt>
					<longitude>120.7306794054892</longitude>
					<latitude>23.33937922065782</latitude>
					<altitude>1602.521102831504</altitude>
					<heading>128.6841405974846</heading>
					<tilt>63.49630291556609</tilt>
					<gx:fovy>35</gx:fovy>
					<range>1561.286666760861</range>
					<altitudeMode>absolute</altitudeMode>
				</LookAt>
				<styleUrl>#__managed_style_073659B4AF418826539F</styleUrl>
				<Point>
					<coordinates>120.7311726149975,23.33517227231899,1480.001254636809</coordinates>
				</Point>
			</Placemark>
			<Placemark id="5E65D5A7FC00001D">
				<name>toipuni</name>
				<description><![CDATA[<div><b><span class="font" style="font-family:新細明體, serif"><span class="size" style="font-size:14pt">林班地</span></span><span class="font" style="font-family:&quot;Times New Roman&quot;, serif"><span class="size" style="font-size:14pt">142</span></span><span class="font" style="font-family:新細明體, serif"><span class="size" style="font-size:14pt">號（原有之名稱）</span></span></b><br></div>]]></description>
				<LookAt>
					<longitude>120.7027880943637</longitude>
					<latitude>23.3176117169649</latitude>
					<altitude>970.4839696021426</altitude>
					<heading>160.7882247851088</heading>
					<tilt>70.08582064190358</tilt>
					<gx:fovy>35</gx:fovy>
					<range>3252.15613938868</range>
					<altitudeMode>absolute</altitudeMode>
				</LookAt>
				<styleUrl>#__managed_style_073659B4AF418826539F</styleUrl>
				<Point>
					<coordinates>120.7082927591414,23.31594671685158,1021.200864335493</coordinates>
				</Point>
			</Placemark>
			<Placemark id="5E65D5A7FC00001E">
				<name>mala’aci</name>
				<description><![CDATA[<div><b><span class="font" style="font-family:新細明體, serif"><span class="size" style="font-size:14pt">河流原有之名稱</span></span></b><br></div>]]></description>
				<LookAt>
					<longitude>120.6908304174081</longitude>
					<latitude>23.3282763744871</latitude>
					<altitude>597.3025623583653</altitude>
					<heading>173.3067651046426</heading>
					<tilt>63.01029628697751</tilt>
					<gx:fovy>35</gx:fovy>
					<range>1347.274263443687</range>
					<altitudeMode>absolute</altitudeMode>
				</LookAt>
				<styleUrl>#__managed_style_073659B4AF418826539F</styleUrl>
				<Point>
					<coordinates>120.6905355464561,23.32893228672009,530.9431031377621</coordinates>
				</Point>
			</Placemark>
			<Placemark id="5E65D5A7FC00001F">
				<name>mala’aci</name>
				<description><![CDATA[<div><b><span class="font" style="font-family:新細明體, serif"><span class="size" style="font-size:14pt">河流原有之名稱</span></span></b><br></div>]]></description>
				<LookAt>
					<longitude>120.6908304174081</longitude>
					<latitude>23.3282763744871</latitude>
					<altitude>597.3025623583653</altitude>
					<heading>173.3067651046426</heading>
					<tilt>63.01029628697751</tilt>
					<gx:fovy>35</gx:fovy>
					<range>1347.274263443687</range>
					<altitudeMode>absolute</altitudeMode>
				</LookAt>
				<styleUrl>#__managed_style_073659B4AF418826539F</styleUrl>
				<Point>
					<coordinates>120.6920040081016,23.33176289014314,553.1853625236294</coordinates>
				</Point>
			</Placemark>
			<Placemark id="5E65D5A7FC000020">
				<name>yakutu’ana</name>
				<description><![CDATA[<div><b><span class="font" style="font-family:新細明體, serif"><span class="size" style="font-size:14pt">林班地</span></span><span class="font" style="font-family:&quot;Times New Roman&quot;, serif"><span class="size" style="font-size:14pt">142</span></span><span class="font" style="font-family:新細明體, serif"><span class="size" style="font-size:14pt">號（原有之名稱）</span></span></b><br></div>]]></description>
				<LookAt>
					<longitude>120.6943492509395</longitude>
					<latitude>23.32519696345976</latitude>
					<altitude>829.8052307996851</altitude>
					<heading>-178.3725374032792</heading>
					<tilt>75.78501459628933</tilt>
					<gx:fovy>35</gx:fovy>
					<range>1317.99511469726</range>
					<altitudeMode>absolute</altitudeMode>
				</LookAt>
				<styleUrl>#__managed_style_073659B4AF418826539F</styleUrl>
				<Point>
					<coordinates>120.6956839452919,23.32498455179171,851.4273498985413</coordinates>
				</Point>
			</Placemark>
			<Placemark id="5E65D5A7FC000021">
				<name>toeku</name>
				<description><![CDATA[<div><b><span class="font" style="font-family:&quot;Times New Roman&quot;, serif"><span class="size" style="font-size:14pt">toeku
to va’h<s>u</s></span></span></b><br></div>]]></description>
				<LookAt>
					<longitude>120.7311956342423</longitude>
					<latitude>23.34787442598029</latitude>
					<altitude>1325.650097897482</altitude>
					<heading>119.0511802614882</heading>
					<tilt>79.59984553769523</tilt>
					<gx:fovy>35</gx:fovy>
					<range>1200.43397335583</range>
					<altitudeMode>absolute</altitudeMode>
				</LookAt>
				<styleUrl>#__managed_style_073659B4AF418826539F</styleUrl>
				<Point>
					<coordinates>120.7306800999024,23.34724642130012,1327.792386004716</coordinates>
				</Point>
			</Placemark>
			<Placemark id="5E65D5A7FC000022">
				<name>tungkuya</name>
				<description><![CDATA[<div><b><span class="font" style="font-family:&quot;Times New Roman&quot;, serif"><span class="size" style="font-size:14pt">la
yaeza yainca cuu no hicu. pano mosola nana ngohcu ci takupuyanu. la acni
mea’unu to ic’o. ‘ante mea’unu ne c’oeha na a’<s>u</s>mt<s>u</s>si. ko’kola
yainca.</span></span></b><br></div>]]></description>
				<LookAt>
					<longitude>120.6726516427528</longitude>
					<latitude>23.32617251146277</latitude>
					<altitude>384.9895535320867</altitude>
					<heading>-169.1368902585261</heading>
					<tilt>64.61814445736765</tilt>
					<gx:fovy>35</gx:fovy>
					<range>433.891057032306</range>
					<altitudeMode>absolute</altitudeMode>
				</LookAt>
				<styleUrl>#__managed_style_073659B4AF418826539F</styleUrl>
				<Point>
					<coordinates>120.6723730500155,23.32656253945016,361.7858069812351</coordinates>
				</Point>
			</Placemark>
			<Placemark id="5E65D5A7FC000023">
				<name>kuana</name>
				<description><![CDATA[<div><b><span class="font" style="font-family:新細明體, serif"><span class="size" style="font-size:14pt">原始森林區</span></span></b><br></div>]]></description>
				<LookAt>
					<longitude>120.7187306237291</longitude>
					<latitude>23.33974597606715</latitude>
					<altitude>1082.679241329359</altitude>
					<heading>75.85285937630182</heading>
					<tilt>55.997402488478</tilt>
					<gx:fovy>35</gx:fovy>
					<range>2287.004374151293</range>
					<altitudeMode>absolute</altitudeMode>
				</LookAt>
				<styleUrl>#__managed_style_073659B4AF418826539F</styleUrl>
				<Point>
					<coordinates>120.7217163199794,23.33591275472805,1130.427039970801</coordinates>
				</Point>
			</Placemark>
			<Placemark id="5E65D5A7FC000024">
				<name>kakausayx</name>
				<description><![CDATA[<div><b><span class="font" style="font-family:&quot;Times New Roman&quot;, serif"><span class="size" style="font-size:14pt">mo
i’mi ho mosola na’no man’i na evino kausay<s>u</s> to ic’o. la yainca to yata
omia evino puutu.</span></span></b><br></div>]]></description>
				<LookAt>
					<longitude>120.667864207852</longitude>
					<latitude>23.33794167921319</latitude>
					<altitude>551.1316469899039</altitude>
					<heading>-98.83792349620217</heading>
					<tilt>70.08571480691137</tilt>
					<gx:fovy>35</gx:fovy>
					<range>2163.008853096399</range>
					<altitudeMode>absolute</altitudeMode>
				</LookAt>
				<styleUrl>#__managed_style_073659B4AF418826539F</styleUrl>
				<Point>
					<coordinates>120.6678934162899,23.34213317082167,713.3210743256185</coordinates>
				</Point>
			</Placemark>
			<Placemark id="5E65D5A7FC000025">
				<name>pa’eafa</name>
				<description><![CDATA[<div><b><span class="font" style="font-family:&quot;Times New Roman&quot;, serif"><span class="size" style="font-size:14pt">mo
i’mi ho ohola pa’eof’a namo kahk<s>u</s>mn<s>u</s> ci evi</span></span></b><br></div>]]></description>
				<LookAt>
					<longitude>120.7051630250129</longitude>
					<latitude>23.35339682142486</latitude>
					<altitude>1355.331644163142</altitude>
					<heading>45.48507591415031</heading>
					<tilt>67.49729066125467</tilt>
					<gx:fovy>35</gx:fovy>
					<range>708.2245996944403</range>
					<altitudeMode>absolute</altitudeMode>
				</LookAt>
				<styleUrl>#__managed_style_073659B4AF418826539F</styleUrl>
				<Point>
					<coordinates>120.705235739755,23.35312290359273,1392.573305468382</coordinates>
				</Point>
			</Placemark>
			<Placemark id="5E65D5A7FC000026">
				<name>faf’ohx</name>
				<description><![CDATA[<div><b><span class="font" style="font-family:&quot;Times New Roman&quot;, serif"><span class="size" style="font-size:14pt">i’o
ciengona ne cacaya</span></span></b><br></div>]]></description>
				<LookAt>
					<longitude>120.6943285365007</longitude>
					<latitude>23.35810612601733</latitude>
					<altitude>1227.248475035713</altitude>
					<heading>75.8218617312646</heading>
					<tilt>72.47213374294704</tilt>
					<gx:fovy>35</gx:fovy>
					<range>949.6177673048805</range>
					<altitudeMode>absolute</altitudeMode>
				</LookAt>
				<styleUrl>#__managed_style_073659B4AF418826539F</styleUrl>
				<Point>
					<coordinates>120.6949550112234,23.35777910711327,1259.160423442226</coordinates>
				</Point>
			</Placemark>
			<Placemark id="5E65D5A7FC000027">
				<name>yaiku</name>
				<description><![CDATA[<div><b><span class="font" style="font-family:新細明體, serif"><span class="size" style="font-size:14pt">五郡莊連發居住地</span></span></b><br></div>]]></description>
				<LookAt>
					<longitude>120.6740354483227</longitude>
					<latitude>23.33332141231558</latitude>
					<altitude>346.9564004004559</altitude>
					<heading>0</heading>
					<tilt>0</tilt>
					<gx:fovy>35</gx:fovy>
					<range>445.540952864103</range>
					<altitudeMode>absolute</altitudeMode>
				</LookAt>
				<styleUrl>#__managed_style_073659B4AF418826539F</styleUrl>
				<Point>
					<coordinates>120.6741637737127,23.33320381418073,348.7783017125401</coordinates>
				</Point>
			</Placemark>
			<Placemark id="5E65D5A7FC000028">
				<name>taipicana</name>
				<description><![CDATA[<div><b><span class="font" style="font-family:新細明體, serif"><span class="size" style="font-size:14pt">新美茶山之間的小社地名</span></span></b><br></div>]]></description>
				<LookAt>
					<longitude>120.6743268369497</longitude>
					<latitude>23.32080655125712</latitude>
					<altitude>445.1220950449904</altitude>
					<heading>-163.8457684983378</heading>
					<tilt>49.12393843098705</tilt>
					<gx:fovy>35</gx:fovy>
					<range>608.3025385697692</range>
					<altitudeMode>absolute</altitudeMode>
				</LookAt>
				<styleUrl>#__managed_style_073659B4AF418826539F</styleUrl>
				<Point>
					<coordinates>120.6739002885326,23.32133215574222,443.9759115930612</coordinates>
				</Point>
			</Placemark>
			<Placemark id="5E65D5A7FC000029">
				<name>takupuyanx</name>
				<description><![CDATA[<div><b><span class="font" style="font-family: 新細明體, serif;"><span class="size" style="font-size: 14pt;">指新美、荼山地界線之溪流名稱</span></span></b><br></div>]]></description>
				<LookAt>
					<longitude>120.6757771175979</longitude>
					<latitude>23.3339078076004</latitude>
					<altitude>404.2800089787935</altitude>
					<heading>0</heading>
					<tilt>0</tilt>
					<gx:fovy>35</gx:fovy>
					<range>4047.37771921442</range>
					<altitudeMode>absolute</altitudeMode>
				</LookAt>
				<styleUrl>#__managed_style_073659B4AF418826539F</styleUrl>
				<Point>
					<coordinates>120.6833559047718,23.3302466855944,406.9853624539796</coordinates>
				</Point>
			</Placemark>
		</Folder>
	</Folder>
	<Folder id="5E65DC9957000001">
		<name>新美、茶山地名</name>
		<open>1</open>
		<styleUrl>#__managed_style_0AE770CC7A41881BFC44</styleUrl>
		<Folder id="5E65DC9957000002">
			<name>茶山</name>
			<styleUrl>#__managed_style_0AE770CC7A41881BFC44</styleUrl>
			<Placemark id="5E65DC9957000003">
				<name>titisa’x</name>
				<LookAt>
					<longitude>120.6653467766821</longitude>
					<latitude>23.33770669492083</latitude>
					<altitude>621.8692973485992</altitude>
					<heading>-72.8323754748685</heading>
					<tilt>78.82928813810767</tilt>
					<gx:fovy>35</gx:fovy>
					<range>1595.255756382539</range>
					<altitudeMode>absolute</altitudeMode>
				</LookAt>
				<styleUrl>#__managed_style_0F9769DC9241881BFC3C</styleUrl>
				<Point>
					<coordinates>120.6653467766821,23.33770669492083,621.8692973485992</coordinates>
				</Point>
			</Placemark>
			<Placemark id="5E65DC9957000004">
				<name>kapukapua</name>
				<LookAt>
					<longitude>120.704175942173</longitude>
					<latitude>23.30404244407059</latitude>
					<altitude>1389.634405277125</altitude>
					<heading>113.1188483259514</heading>
					<tilt>75.92525250099814</tilt>
					<gx:fovy>35</gx:fovy>
					<range>1770.053237659741</range>
					<altitudeMode>absolute</altitudeMode>
				</LookAt>
				<styleUrl>#__managed_style_0F9769DC9241881BFC3C</styleUrl>
				<Point>
					<coordinates>120.7043282042777,23.30449961492522,1363.901270056504</coordinates>
				</Point>
			</Placemark>
			<Placemark id="5E65DC9957000005">
				<name>yaviana</name>
				<description><![CDATA[<div><span class="font" style="font-family:&quot;Times New Roman&quot;, serif"><span class="size" style="font-size:12pt">zou ya maemoemoo eni, la
ahoza esmizi ho te uhne cayamavana</span></span><br></div>]]></description>
				<LookAt>
					<longitude>120.6734376398038</longitude>
					<latitude>23.31336475237428</latitude>
					<altitude>427.6171052757307</altitude>
					<heading>-163.7670278400958</heading>
					<tilt>30.44264690667813</tilt>
					<gx:fovy>35</gx:fovy>
					<range>929.7432539850706</range>
					<altitudeMode>absolute</altitudeMode>
				</LookAt>
				<styleUrl>#__managed_style_0F9769DC9241881BFC3C</styleUrl>
				<Point>
					<coordinates>120.6704640450009,23.31341639107824,300.8892518742869</coordinates>
				</Point>
			</Placemark>
			<Placemark id="5E65DC9957000006">
				<name>phoiana</name>
				<description><![CDATA[<div><span class="font" style="font-family:&quot;Times New Roman&quot;, serif"><span class="size" style="font-size:12pt">pano mosola acni uso nola
e’oh</span></span><s><span class="font" style="font-family:&quot;Times New Roman&quot;, serif"><span class="size" style="font-size:12pt">u</span></span></s><span class="font" style="font-family:&quot;Times New Roman&quot;, serif"><span class="size" style="font-size:12pt"> ci ‘akuyaiana ci oko.
ohecula ‘ucea a</span></span><s><span class="font" style="font-family:&quot;Times New Roman&quot;, serif"><span class="size" style="font-size:12pt">u</span></span></s><span class="font" style="font-family:&quot;Times New Roman&quot;, serif"><span class="size" style="font-size:12pt">t’</span></span><s><span class="font" style="font-family:&quot;Times New Roman&quot;, serif"><span class="size" style="font-size:12pt"> u</span></span></s><span class="font" style="font-family:&quot;Times New Roman&quot;, serif"><span class="size" style="font-size:12pt">ca i’eima na maameoisi no
oko. ‘iama phoi. ohecuc’ola yainca na niacula conoemoosi no nia oko no phoi
phoiana.</span></span><br></div>]]></description>
				<LookAt>
					<longitude>120.6877747710033</longitude>
					<latitude>23.31510743182506</latitude>
					<altitude>689.6929500570188</altitude>
					<heading>83.54416803417334</heading>
					<tilt>66.17015654529656</tilt>
					<gx:fovy>35</gx:fovy>
					<range>5255.719796761405</range>
					<altitudeMode>absolute</altitudeMode>
				</LookAt>
				<styleUrl>#__managed_style_0F9769DC9241881BFC3C</styleUrl>
				<Point>
					<coordinates>120.6827261843128,23.31353678797021,808.7942358705666</coordinates>
				</Point>
			</Placemark>
			<Placemark id="5E65DC9957000007">
				<name>cuuc’u</name>
				<description><![CDATA[<div><span class="font" style="font-family:&quot;Times New Roman&quot;, serif"><span class="size" style="font-size:12pt">mosola yaa cuc’u aesi to
ic’o.</span></span><br></div>]]></description>
				<LookAt>
					<longitude>120.6855515132272</longitude>
					<latitude>23.3070907315714</latitude>
					<altitude>796.0361358094187</altitude>
					<heading>96.91701702593308</heading>
					<tilt>53.36339951787199</tilt>
					<gx:fovy>35</gx:fovy>
					<range>706.7407697834278</range>
					<altitudeMode>absolute</altitudeMode>
				</LookAt>
				<styleUrl>#__managed_style_0F9769DC9241881BFC3C</styleUrl>
				<Point>
					<coordinates>120.6850208346111,23.30648858270438,797.5969318366181</coordinates>
				</Point>
			</Placemark>
			<Placemark id="5E65DC9957000008">
				<name>cayamavana</name>
				<description><![CDATA[<p class="MsoNormal"><span lang="EN-US">eni ’o a<s><span style="color: black;">u</span></s>l<s><span style="color: black;">u</span></s> maemoemo ci la yainca cayamavana, nia la hupa
no nia la takupuyan<s><span style="color: black;">u</span></s> , mohcu la aapayo’<s><span style="color: black;"> u</span></s> , ohe he cu la teai le a<s><span style="color: black;">u</span></s>t’ci no ’uachumu ne moso la maaya, mohcu la
mongoi ’o maaya, ohe cu la teai chana to nia goocoo ci uyong<s><span style="color: black;">u</span></s> ’e yataayungana, moso cu la ahoi oh’usnu tan’e
’o cou, ataveisi, ausuhcu botngon<s><span style="color: black;">u</span></s> ohe
cu la pa no’hunu ho pa cono you, la cu enca chasan-chun maitan’e.</span><br></p><div><span class="font" style="font-family:&quot;Times New Roman&quot;, serif"><span class="size" style="font-size:12pt">moso la na’no ’atutumzo na
moso la ahoi yontan’e, ’o’a moso la ’osni nov’oh<s><span style="color: black;">u</span></s> na cou, ’o’a moso noana’o, moso la ya meoino cmoehu, moso cu la ya sbukunu ho
puutu ci moso maezo uhtan’e, ko’ko maitan’e, mo atvoh<s><span style="color: black;">u</span></s> to mocmo ci yatiskova, atinghi mo na’no si meel<s><span style="color: black;">u</span></s> buacou.</span></span><br></div>]]></description>
				<LookAt>
					<longitude>120.6728274508121</longitude>
					<latitude>23.30252262601538</latitude>
					<altitude>490.9030805173388</altitude>
					<heading>82.12200999276585</heading>
					<tilt>53.79841704671948</tilt>
					<gx:fovy>35</gx:fovy>
					<range>4766.530788782984</range>
					<altitudeMode>absolute</altitudeMode>
				</LookAt>
				<styleUrl>#__managed_style_0F9769DC9241881BFC3C</styleUrl>
				<Point>
					<coordinates>120.6654073702691,23.29837625792697,426.2185453552467</coordinates>
				</Point>
			</Placemark>
			<Placemark id="5E65DC9957000009">
				<name>ya-lauya</name>
				<description><![CDATA[<div><span class="font" style="font-family:&quot;Times New Roman&quot;, serif"><span class="size" style="font-size:12pt">panto moso conci lauya to
ic’o ho at’ingi na’no kahk</span></span><s><span class="font" style="font-family:&quot;Times New Roman&quot;, serif"><span class="size" style="font-size:12pt">u</span></span></s><span class="font" style="font-family:&quot;Times New Roman&quot;, serif"><span class="size" style="font-size:12pt">mn</span></span><s><span class="font" style="font-family:&quot;Times New Roman&quot;, serif"><span class="size" style="font-size:12pt">u</span></span></s><span class="font" style="font-family:&quot;Times New Roman&quot;, serif"><span class="size" style="font-size:12pt">.</span></span><br></div>]]></description>
				<LookAt>
					<longitude>120.6949165145878</longitude>
					<latitude>23.32136696817167</latitude>
					<altitude>1023.311732596768</altitude>
					<heading>-155.6567089218816</heading>
					<tilt>81.36017111810128</tilt>
					<gx:fovy>35</gx:fovy>
					<range>276.2917716768425</range>
					<altitudeMode>absolute</altitudeMode>
				</LookAt>
				<styleUrl>#__managed_style_0F9769DC9241881BFC3C</styleUrl>
				<Point>
					<coordinates>120.6948984194332,23.32185258911975,1020.742504939733</coordinates>
				</Point>
			</Placemark>
			<Placemark id="5E65DC995700000A">
				<name>takupuyanx</name>
				<description><![CDATA[<p class="MsoNormal"><span lang="EN-US">’a ongko no nia la yatatiskova ci moso la
eontan’e, ohcu la yaeza ieni ho tos’onki ’o c’oeha enca takupuyan<s><span style="color: black;">u</span></s></span><br></p><div><br></div>]]></description>
				<LookAt>
					<longitude>120.6820534586729</longitude>
					<latitude>23.33004785709237</latitude>
					<altitude>403.0560534062645</altitude>
					<heading>123.1132859487493</heading>
					<tilt>22.11012524043353</tilt>
					<gx:fovy>35</gx:fovy>
					<range>1708.18629150308</range>
					<altitudeMode>absolute</altitudeMode>
				</LookAt>
				<styleUrl>#__managed_style_0F9769DC9241881BFC3C</styleUrl>
				<Point>
					<coordinates>120.6817569977966,23.32979550932946,399.5106289244894</coordinates>
				</Point>
			</Placemark>
			<Placemark id="5E65DC995700000B">
				<name>taipicana</name>
				<description><![CDATA[<div><span class="font" style="font-family: &quot;Times New Roman&quot;, serif;"><span class="size" style="font-size: 12pt;">moc’o ake’i nocmu’u ne
takupuyan<s><span style="color: black;">u</span></s> ci mo ya hnou</span></span><br></div>]]></description>
				<LookAt>
					<longitude>120.6738906563266</longitude>
					<latitude>23.32123820870305</latitude>
					<altitude>446.529109920021</altitude>
					<heading>0</heading>
					<tilt>0</tilt>
					<gx:fovy>35</gx:fovy>
					<range>451.1987902886176</range>
					<altitudeMode>absolute</altitudeMode>
				</LookAt>
				<styleUrl>#__managed_style_0F9769DC9241881BFC3C</styleUrl>
				<Point>
					<coordinates>120.6743666430068,23.32146837900792,441.6448042103696</coordinates>
				</Point>
			</Placemark>
			<Placemark id="5E65DC995700000C">
				<name>yavaiana</name>
				<description><![CDATA[<div><span class="font" style="font-family:&quot;Times New Roman&quot;, serif"><span class="size" style="font-size:12pt">ohela yoni no emoo no
mosola yavai na ongkosi.</span></span><br></div>]]></description>
				<LookAt>
					<longitude>120.7097448940657</longitude>
					<latitude>23.306477475073</latitude>
					<altitude>1576.709547577074</altitude>
					<heading>0</heading>
					<tilt>0</tilt>
					<gx:fovy>35</gx:fovy>
					<range>1044.276195614948</range>
					<altitudeMode>absolute</altitudeMode>
				</LookAt>
				<styleUrl>#__managed_style_0F9769DC9241881BFC3C</styleUrl>
				<Point>
					<coordinates>120.7095455483041,23.30689700768654,1597.036168569513</coordinates>
				</Point>
			</Placemark>
		</Folder>
		<Folder id="5E65DC995700000D">
			<name>新美地名</name>
			<styleUrl>#__managed_style_0AE770CC7A41881BFC44</styleUrl>
			<Folder id="5E65DC995700000E">
				<name>新美</name>
				<open>1</open>
				<styleUrl>#__managed_style_0AE770CC7A41881BFC44</styleUrl>
				<Placemark id="5E65DC995700000F">
					<name>ya’isana</name>
					<description><![CDATA[<div><b><span class="font" style="font-family:&quot;Times New Roman&quot;, serif"><span class="size" style="font-size:14pt">mosola
yaa h<s>u</s>ngno fi’i to ic’o.</span></span></b><br></div>]]></description>
					<LookAt>
						<longitude>120.6909320298332</longitude>
						<latitude>23.34444925407108</latitude>
						<altitude>760.2796223030533</altitude>
						<heading>16.54997761542601</heading>
						<tilt>67.83651060104893</tilt>
						<gx:fovy>35</gx:fovy>
						<range>1110.489683334745</range>
						<altitudeMode>absolute</altitudeMode>
					</LookAt>
					<styleUrl>#__managed_style_0031BCDB7541882D4318</styleUrl>
					<Point>
						<coordinates>120.6918004852726,23.34733971488379,796.1731480490856</coordinates>
					</Point>
				</Placemark>
				<Placemark id="5E65DC9957000010">
					<name>yapayangana</name>
					<description><![CDATA[<div><b><span class="font" style="font-family:&quot;Times New Roman&quot;, serif"><span class="size" style="font-size:14pt">mo
yonto hcuyu to mia’unu ne yai’sana</span></span></b><br></div>]]></description>
					<LookAt>
						<longitude>120.6954618784797</longitude>
						<latitude>23.35654538085529</latitude>
						<altitude>1154.154883032764</altitude>
						<heading>12.77009350024507</heading>
						<tilt>81.22780924631031</tilt>
						<gx:fovy>35</gx:fovy>
						<range>1994.795849666116</range>
						<altitudeMode>absolute</altitudeMode>
					</LookAt>
					<styleUrl>#__managed_style_0031BCDB7541882D4318</styleUrl>
					<Point>
						<coordinates>120.6963575385466,23.35496091552709,1344.595890437003</coordinates>
					</Point>
				</Placemark>
				<Placemark id="5E65DC9957000011">
					<name>chumu no angmu 荷蘭水</name>
					<description><![CDATA[<div><b><span class="font" style="font-family:&quot;Times New Roman&quot;, serif"><span class="size" style="font-size:14pt">ho
moson’ala teiseiko. pano ohela peobanga ci ‘olanta. p’usnu to ic’o. moso mimo
no chumu to ic’o ho mohcu ngoseo. ho mohcu mimo. moso i’vaho na’no taso hocu
toekameos<s>u</s>. ‘anaihe ticuna no moso meobango.</span></span></b><br></div>]]></description>
					<Camera>
						<longitude>120.6951927268261</longitude>
						<latitude>23.34848740286907</latitude>
						<altitude>829.8619384765625</altitude>
						<heading>250.9257688080879</heading>
						<tilt>43.1475890993087</tilt>
						<roll>0</roll>
						<gx:fovy>35</gx:fovy>
						<altitudeMode>absolute</altitudeMode>
					</Camera>
					<styleUrl>#__managed_style_0031BCDB7541882D4318</styleUrl>
					<Point>
						<extrude>1</extrude>
						<coordinates>120.6951927268261,23.34848740286907,0</coordinates>
					</Point>
				</Placemark>
				<Placemark id="5E65DC9957000012">
					<name>takuingana</name>
					<description><![CDATA[<div><b><span class="font" style="font-family:&quot;Times New Roman&quot;, serif"><span class="size" style="font-size:14pt">mo
yonto omza to chumno ‘angmu. ohola ahoza yoni to yane yai’sana.</span></span></b><br></div>]]></description>
					<LookAt>
						<longitude>120.6928846128305</longitude>
						<latitude>23.34468219586471</latitude>
						<altitude>728.0946597506046</altitude>
						<heading>22.70273203115831</heading>
						<tilt>75.04943534648108</tilt>
						<gx:fovy>35</gx:fovy>
						<range>1375.389433150267</range>
						<altitudeMode>absolute</altitudeMode>
					</LookAt>
					<styleUrl>#__managed_style_0AE770CC7A41881BFC44</styleUrl>
					<Polygon>
						<outerBoundaryIs>
							<LinearRing>
								<coordinates>
									120.6926864082436,23.34309815313428,0 120.6928153735731,23.34324073370857,0 120.6926906819211,23.34277577525547,0 120.6927719933618,23.34276191169151,0 120.6932305365532,23.34276081943681,0 120.6937942556577,23.34309884603904,0 120.6941734443586,23.34321003821715,0 120.6943295565952,23.34332767546912,0 120.6947306527036,23.34363812155241,0 120.6946283739255,23.34350421610474,0 120.6948772431676,23.34369071570435,0 120.6951898286994,23.34389636750453,0 120.6955471688026,23.34454970476914,0 120.6962097642882,23.34509625362268,0 120.6959718368331,23.34535658451185,0 120.6961482369492,23.34710456927903,0 120.695421773014,23.34685651119188,0 120.6950254881066,23.34727743056698,0 120.6942894607719,23.34705581265533,0 120.6933340552584,23.34539980924639,0 120.6931442057636,23.34477601038683,0 120.6928985475172,23.34391858651,0 120.6927639743021,23.34339059625844,0 120.6926864082436,23.34309815313428,0 
								</coordinates>
							</LinearRing>
						</outerBoundaryIs>
					</Polygon>
				</Placemark>
				<Placemark id="5E65DC9957000013">
					<name>yipaipangu</name>
					<description><![CDATA[<div><span class="font" style="font-family:新細明體, serif"><span class="size" style="font-size:14pt">指現今第二鄰（原有之地名）</span></span><br></div>]]></description>
					<LookAt>
						<longitude>120.6852269972789</longitude>
						<latitude>23.34485673542108</latitude>
						<altitude>575.6932100751058</altitude>
						<heading>2.59604559295161</heading>
						<tilt>9.727850954217033</tilt>
						<gx:fovy>35</gx:fovy>
						<range>2252.097796990711</range>
						<altitudeMode>absolute</altitudeMode>
					</LookAt>
					<styleUrl>#__managed_style_0031BCDB7541882D4318</styleUrl>
					<Point>
						<coordinates>120.6852103784285,23.34487193193711,575.4936006185014</coordinates>
					</Point>
				</Placemark>
				<Placemark id="5E65DC9957000014">
					<name>niahosa（takupuyanx舊部落）</name>
					<description><![CDATA[<div><b><span class="font" style="font-family:&quot;Times New Roman&quot;, serif"><span class="size" style="font-size:14pt">nia
la anana’o hosa ne singvi. ohcula pkaaki hocuc’o ach<s>u</s>ma yainca niahosa.</span></span></b><br></div>]]></description>
					<LookAt>
						<longitude>120.6801964132805</longitude>
						<latitude>23.33263787129907</latitude>
						<altitude>538.6852490884596</altitude>
						<heading>16.35316182622445</heading>
						<tilt>70.98157780339089</tilt>
						<gx:fovy>35</gx:fovy>
						<range>897.2788541138289</range>
						<altitudeMode>absolute</altitudeMode>
					</LookAt>
					<styleUrl>#__managed_style_0031BCDB7541882D4318</styleUrl>
					<Point>
						<coordinates>120.6810026148822,23.33268761568126,542.7230758784771</coordinates>
					</Point>
				</Placemark>
				<Placemark id="5E65DC9957000015">
					<name>thuthusu</name>
					<description><![CDATA[<div><b><span class="font" style="font-family:&quot;Times New Roman&quot;, serif"><span class="size" style="font-size:14pt">isi
ala mi’uni ne singvi. mo y<s>uu</s>n’<s>u.</s> uk’a ci a’<s>u</s>mt<s>u</s> evisi. la ‘aoko pae’<s>u</s>h<s>u</s>.</span></span></b><br></div><div><br></div>]]></description>
					<LookAt>
						<longitude>120.6688842437941</longitude>
						<latitude>23.34003203547323</latitude>
						<altitude>567.0191189614882</altitude>
						<heading>-84.95852336199646</heading>
						<tilt>76.59441735535896</tilt>
						<gx:fovy>35</gx:fovy>
						<range>3087.124956798507</range>
						<altitudeMode>absolute</altitudeMode>
					</LookAt>
					<styleUrl>#__managed_style_0031BCDB7541882D4318</styleUrl>
					<Point>
						<coordinates>120.6636845298335,23.34206874822927,567.0191189614882</coordinates>
					</Point>
				</Placemark>
				<Placemark id="5E65DC9957000016">
					<name>f‘ufu no kokongx</name>
					<description><![CDATA[<div>此地貌很像攀木蜥蜴的背部，因此命名<br></div>]]></description>
					<LookAt>
						<longitude>120.6626773129505</longitude>
						<latitude>23.33597435996264</latitude>
						<altitude>738.5364891086814</altitude>
						<heading>-71.74063626308707</heading>
						<tilt>78.82051997918595</tilt>
						<gx:fovy>35</gx:fovy>
						<range>601.3168564779335</range>
						<altitudeMode>absolute</altitudeMode>
					</LookAt>
					<styleUrl>#__managed_style_0031BCDB7541882D4318</styleUrl>
					<Point>
						<coordinates>120.6629204880198,23.3363530100273,738.7622405009492</coordinates>
					</Point>
				</Placemark>
				<Placemark id="5E65DC9957000017">
					<name>monohicu</name>
					<description><![CDATA[<div><b><span class="font" style="font-family:&quot;Times New Roman&quot;, serif"><span class="size" style="font-size:14pt">mo
maezo yonto isi mi’uni ne singvi. acni hola pae’<s>u</s>h<s>u</s>. o’ala hov’oh<s>u</s> ho’upu. hoci afu’u hov’oh<s>u</s>. ‘atena ahtu o’te m<s>u</s>ch<s>u</s>.</span></span></b><br></div>]]></description>
					<LookAt>
						<longitude>120.6597332447702</longitude>
						<latitude>23.33352292090726</latitude>
						<altitude>747.9530214496439</altitude>
						<heading>-60.27681047001658</heading>
						<tilt>67.26121682257399</tilt>
						<gx:fovy>35</gx:fovy>
						<range>3577.657894698205</range>
						<altitudeMode>absolute</altitudeMode>
					</LookAt>
					<styleUrl>#__managed_style_0031BCDB7541882D4318</styleUrl>
					<Point>
						<coordinates>120.6597333434261,23.33116316457874,597.4838204880865</coordinates>
					</Point>
				</Placemark>
				<Placemark id="5E65DC9957000018">
					<name>yunguana（獨立山）</name>
					<description><![CDATA[<div>此地被曾文溪及takupuyanu溪包圍，看起來是一個獨立的山。由地貌的關係來命名。<br></div><div><br></div>]]></description>
					<LookAt>
						<longitude>120.6695954591782</longitude>
						<latitude>23.32763905538463</latitude>
						<altitude>552.6294851284833</altitude>
						<heading>34.83256895210792</heading>
						<tilt>55.99387604326472</tilt>
						<gx:fovy>35</gx:fovy>
						<range>3974.084587414982</range>
						<altitudeMode>absolute</altitudeMode>
					</LookAt>
					<styleUrl>#__managed_style_0031BCDB7541882D4318</styleUrl>
					<Point>
						<coordinates>120.6695954591782,23.32763905538463,552.6294851284833</coordinates>
					</Point>
				</Placemark>
				<Placemark id="5E65DC9957000019">
					<name>txpx no yaiku</name>
					<description><![CDATA[<div>意指yaiku 最深的地方，但在巫師的眼裡，這裡是鬼的高樓大廈，因此也稱為「鬼潭」。<br></div><div><br></div>]]></description>
					<LookAt>
						<longitude>120.6665460653924</longitude>
						<latitude>23.32430316607098</latitude>
						<altitude>305.2432728872149</altitude>
						<heading>89.77238530215536</heading>
						<tilt>43.84017184063583</tilt>
						<gx:fovy>35</gx:fovy>
						<range>231.2121057828699</range>
						<altitudeMode>absolute</altitudeMode>
					</LookAt>
					<styleUrl>#__managed_style_0031BCDB7541882D4318</styleUrl>
					<Point>
						<coordinates>120.6671905580321,23.32017883566454,305.3142214385331</coordinates>
					</Point>
				</Placemark>
				<Placemark id="5E65DC995700001A">
					<name>yaasayaoa</name>
					<description><![CDATA[<div><b><span class="font" style="font-family: &quot;Times New Roman&quot;, serif;"><span class="size" style="font-size: 14pt;">mosola
na’no man’i na nia sayaosi.</span></span></b><br></div>]]></description>
					<LookAt>
						<longitude>120.6840482288109</longitude>
						<latitude>23.32844045730717</latitude>
						<altitude>496.0900640729478</altitude>
						<heading>-164.8762132901145</heading>
						<tilt>31.14401047256163</tilt>
						<gx:fovy>35</gx:fovy>
						<range>1376.758951141237</range>
						<altitudeMode>absolute</altitudeMode>
					</LookAt>
					<styleUrl>#__managed_style_0031BCDB7541882D4318</styleUrl>
					<Point>
						<coordinates>120.6822569351257,23.32783987163571,473.5226730169087</coordinates>
					</Point>
				</Placemark>
				<Placemark id="5E65DC995700001B">
					<name>epeapi</name>
					<description><![CDATA[<div><b><span class="font" style="font-family:&quot;Times New Roman&quot;, serif"><span class="size" style="font-size:14pt">e’vono
la yaa ch<s>u</s>m<s>u</s>a. la acni al<s>u</s> epeapi homo afu’u poyapo na ch<s>u</s>musi.</span></span></b><br></div>]]></description>
					<LookAt>
						<longitude>120.6969418107867</longitude>
						<latitude>23.33430660515976</latitude>
						<altitude>734.9619573915638</altitude>
						<heading>33.00360029862183</heading>
						<tilt>70.9814313924993</tilt>
						<gx:fovy>35</gx:fovy>
						<range>807.3563510361419</range>
						<altitudeMode>absolute</altitudeMode>
					</LookAt>
					<styleUrl>#__managed_style_0031BCDB7541882D4318</styleUrl>
					<Point>
						<coordinates>120.6972437013828,23.33484872432816,693.4889906641504</coordinates>
					</Point>
				</Placemark>
				<Placemark id="5E65DC995700001C">
					<name>peisia na moatunu（toos’ahifi）</name>
					<description><![CDATA[<div><b><span class="font" style="font-family: &quot;Times New Roman&quot;, serif;"><span class="size" style="font-size: 14pt;">pano
mosola nana mcoi ci takupuyanu. ohe ac<s>u</s>ha to’seni to ic’o na nia
macucumasi. o’ala ‘unano yaa na fousi to ic’o. oho’sola yainca o’a mo cofkoya
na ic’o.</span></span></b><br></div>]]></description>
					<LookAt>
						<longitude>120.6965650775137</longitude>
						<latitude>23.33162540067741</latitude>
						<altitude>699.9706180242522</altitude>
						<heading>40.70060715941531</heading>
						<tilt>70.98088045906549</tilt>
						<gx:fovy>35</gx:fovy>
						<range>742.5439955528418</range>
						<altitudeMode>absolute</altitudeMode>
					</LookAt>
					<styleUrl>#__managed_style_0031BCDB7541882D4318</styleUrl>
					<Point>
						<coordinates>120.6969379620937,23.33181285725346,688.2721374767374</coordinates>
					</Point>
				</Placemark>
				<Placemark id="5E65DC995700001D">
					<name>yavaiyana</name>
					<description><![CDATA[<div>卓武山</div>]]></description>
					<LookAt>
						<longitude>120.7095668975868</longitude>
						<latitude>23.3059804013452</latitude>
						<altitude>1538.686555796986</altitude>
						<heading>-19.81248881231454</heading>
						<tilt>66.46625035583436</tilt>
						<gx:fovy>35</gx:fovy>
						<range>2244.40746952314</range>
						<altitudeMode>absolute</altitudeMode>
					</LookAt>
					<styleUrl>#__managed_style_0031BCDB7541882D4318</styleUrl>
					<Point>
						<coordinates>120.7093651529292,23.307099188009,1596.774251678208</coordinates>
					</Point>
				</Placemark>
				<Placemark id="5E65DC995700001E">
					<name>yakatani </name>
					<LookAt>
						<longitude>120.6872014779861</longitude>
						<latitude>23.32940278685534</latitude>
						<altitude>497.7984759260073</altitude>
						<heading>161.2809515628737</heading>
						<tilt>66.08300171161095</tilt>
						<gx:fovy>35</gx:fovy>
						<range>729.1202716868429</range>
						<altitudeMode>absolute</altitudeMode>
					</LookAt>
					<styleUrl>#__managed_style_0031BCDB7541882D4318</styleUrl>
					<Point>
						<coordinates>120.6945492522422,23.32794235657748,497.9889450394039</coordinates>
					</Point>
				</Placemark>
				<Placemark id="5E65DC995700001F">
					<name>pae’ohsa</name>
					<description><![CDATA[<div><b style="caret-color: rgb(0, 0, 0); color: rgb(0, 0, 0); font-style: normal; font-variant-caps: normal; letter-spacing: normal; orphans: 2; text-align: start; text-indent: 0px; text-transform: none; white-space: normal; widows: 2; word-spacing: 0px; text-decoration-line: none; text-decoration-thickness: auto; text-decoration-style: solid;"><span class="font" style="font-family:&quot;Times New Roman&quot;, serif"><span class="size" style="font-size:14pt">mo yone al<s>u</s><span class="Apple-converted-space">&nbsp;</span>pae’osa ne saviki ho singvi</span></span></b><br></div>]]></description>
					<LookAt>
						<longitude>120.681892135036</longitude>
						<latitude>23.35611589599173</latitude>
						<altitude>618.8691374183179</altitude>
						<heading>0</heading>
						<tilt>0</tilt>
						<gx:fovy>35</gx:fovy>
						<range>654.2336799314216</range>
						<altitudeMode>absolute</altitudeMode>
					</LookAt>
					<styleUrl>#__managed_style_0031BCDB7541882D4318</styleUrl>
					<Point>
						<coordinates>120.6826085791709,23.35645216276748,633.0996453438929</coordinates>
					</Point>
				</Placemark>
				<Placemark id="5E65DC9957000020">
					<name>yakla</name>
					<description><![CDATA[<div><span class="font" style="font-family:新細明體, serif"><span class="size" style="font-size:14pt">第二鄰滿增雄之地</span></span><br></div>]]></description>
					<LookAt>
						<longitude>120.6791409447168</longitude>
						<latitude>23.35255553242256</latitude>
						<altitude>579.1142872314425</altitude>
						<heading>0</heading>
						<tilt>0</tilt>
						<gx:fovy>35</gx:fovy>
						<range>1211.091033541452</range>
						<altitudeMode>absolute</altitudeMode>
					</LookAt>
					<styleUrl>#__managed_style_0031BCDB7541882D4318</styleUrl>
					<Point>
						<coordinates>120.6795478527908,23.35208423756995,566.0484035852402</coordinates>
					</Point>
				</Placemark>
				<Placemark id="5E65DC9957000021">
					<name>’aibunuyana</name>
					<description><![CDATA[<div><b style="caret-color: rgb(0, 0, 0); color: rgb(0, 0, 0); font-style: normal; font-variant-caps: normal; letter-spacing: normal; orphans: 2; text-align: start; text-indent: 0px; text-transform: none; white-space: normal; widows: 2; word-spacing: 0px; text-decoration-line: none; text-decoration-thickness: auto; text-decoration-style: solid;"><span class="font" style="font-family:&quot;Times New Roman&quot;, serif"><span class="size" style="font-size:14pt">pano mosola mais’a oko homo mongsi ci fkoi. mo tata’e honci panote meel<s>u</s><span class="Apple-converted-space">&nbsp;</span>a<s>u</s>t’<s>u</s>c<s>u</s><span class="Apple-converted-space">&nbsp;</span>ci cou. ‘a pano mohcula al<s>u</s><span class="Apple-converted-space">&nbsp;</span>m<s>u</s>p<s>u</s>t<s>u</s><span class="Apple-converted-space">&nbsp;</span>ci maameoi to peongsi ne tapang<s>u</s>. ohela ‘ucea a<s>u</s>t’<s>u</s>ca. at’ingi o’a ohe azova. honci ntoho a<s>u</s>t’<s>u</s>ca ‘e fkoi. o’a nte’sola peela p’ani nomo nafongku ho tomo nakuzo ci macucuma.</span></span></b><br></div>]]></description>
					<LookAt>
						<longitude>120.6771551013472</longitude>
						<latitude>23.35287882799813</latitude>
						<altitude>561.0011497155047</altitude>
						<heading>40.22534935141919</heading>
						<tilt>59.99782234057706</tilt>
						<gx:fovy>35</gx:fovy>
						<range>480.2309585362673</range>
						<altitudeMode>absolute</altitudeMode>
					</LookAt>
					<styleUrl>#__managed_style_0031BCDB7541882D4318</styleUrl>
					<Point>
						<coordinates>120.6768128051511,23.35289886595184,553.5766447005369</coordinates>
					</Point>
				</Placemark>
				<Placemark id="5E65DC9957000022">
					<name>makuisana</name>
					<description><![CDATA[<div><span class="font" style="font-family:新細明體, serif"><span class="size" style="font-size:14pt">指山美與新美界線之小河流</span></span><span class="font" style="font-family:&quot;Times New Roman&quot;, serif"><span class="size" style="font-size:14pt"><br> </span></span><span class="font" style="font-family:新細明體, serif"><span class="size" style="font-size:14pt">（原有之名稱）</span></span></div>]]></description>
					<LookAt>
						<longitude>120.6817399655639</longitude>
						<latitude>23.35758802681655</latitude>
						<altitude>664.2109865168154</altitude>
						<heading>71.34343246503119</heading>
						<tilt>57.88060337105401</tilt>
						<gx:fovy>35</gx:fovy>
						<range>280.7762431337687</range>
						<altitudeMode>absolute</altitudeMode>
					</LookAt>
					<styleUrl>#__managed_style_0031BCDB7541882D4318</styleUrl>
					<Point>
						<coordinates>120.6820327210469,23.35751170084357,658.0702091861205</coordinates>
					</Point>
				</Placemark>
				<Placemark id="5E65DC9957000023">
					<name>yoyohu</name>
					<description><![CDATA[<div><b style="caret-color: rgb(0, 0, 0); color: rgb(0, 0, 0); font-style: normal; font-variant-caps: normal; letter-spacing: normal; orphans: 2; text-align: start; text-indent: 0px; text-transform: none; white-space: normal; widows: 2; word-spacing: 0px; text-decoration-line: none; text-decoration-thickness: auto; text-decoration-style: solid;"><span class="font" style="font-family:&quot;Times New Roman&quot;, serif"><span class="size" style="font-size:14pt">mos’sola na’no man’i na nia yohu maamtan<s>u</s><span class="Apple-converted-space">&nbsp;</span>ko’ko la yainca.<span class="Apple-converted-space">&nbsp;</span></span></span></b><br></div>]]></description>
					<LookAt>
						<longitude>120.6841160431881</longitude>
						<latitude>23.35272803930623</latitude>
						<altitude>681.3455900291989</altitude>
						<heading>71.34610503480673</heading>
						<tilt>57.88519903894537</tilt>
						<gx:fovy>35</gx:fovy>
						<range>884.2213363177143</range>
						<altitudeMode>absolute</altitudeMode>
					</LookAt>
					<styleUrl>#__managed_style_0031BCDB7541882D4318</styleUrl>
					<Point>
						<coordinates>120.6841974419716,23.35267502977432,683.0422763539814</coordinates>
					</Point>
				</Placemark>
				<Placemark id="5E65DC9957000024">
					<name>yauiana</name>
					<LookAt>
						<longitude>120.7134786455683</longitude>
						<latitude>23.34975194471299</latitude>
						<altitude>1086.494484283314</altitude>
						<heading>13.52802038354649</heading>
						<tilt>58.54538585547759</tilt>
						<gx:fovy>35</gx:fovy>
						<range>2055.743294100976</range>
						<altitudeMode>absolute</altitudeMode>
					</LookAt>
					<styleUrl>#__managed_style_0031BCDB7541882D4318</styleUrl>
					<Point>
						<coordinates>120.7136924307511,23.35065958933463,1053.725406032594</coordinates>
					</Point>
				</Placemark>
				<Placemark id="5E65DC9957000025">
					<name>yaahxhngxa</name>
					<description><![CDATA[<div><b><span lang="EN-US" style="color: black;"><span class="font" style="font-family:&quot;Times New Roman&quot;, serif"><span class="size" style="font-size:14pt">mosola na’no ‘e’evi. at’ingi panto mosola coni cimo
na’no kahk<s>u</s>mn<s>u</s> ci h<s>u</s>hng<s>u</s>. ko’ko la yainca ’e tan’e.</span></span></span></b><br></div>]]></description>
					<LookAt>
						<longitude>120.7166114042795</longitude>
						<latitude>23.3399781541845</latitude>
						<altitude>1098.052187776062</altitude>
						<heading>99.32113245822346</heading>
						<tilt>61.42424445374549</tilt>
						<gx:fovy>35</gx:fovy>
						<range>2691.049821908819</range>
						<altitudeMode>absolute</altitudeMode>
					</LookAt>
					<styleUrl>#__managed_style_0031BCDB7541882D4318</styleUrl>
					<Point>
						<coordinates>120.7147801195409,23.34103948059654,1102.110419741751</coordinates>
					</Point>
				</Placemark>
				<Placemark id="5E65DC9957000026">
					<name>yaaoyua</name>
					<description><![CDATA[<div><b><span class="font" style="font-family:&quot;Times New Roman&quot;, serif"><span class="size" style="font-size:14pt">mo
i’mi ho mosola yaa oyu to ic’o.</span></span></b><br></div>]]></description>
					<LookAt>
						<longitude>120.7168330593172</longitude>
						<latitude>23.34306728793379</latitude>
						<altitude>970.4045298176197</altitude>
						<heading>99.32246857964917</heading>
						<tilt>61.43867674804776</tilt>
						<gx:fovy>35</gx:fovy>
						<range>4519.048170492752</range>
						<altitudeMode>absolute</altitudeMode>
					</LookAt>
					<styleUrl>#__managed_style_0031BCDB7541882D4318</styleUrl>
					<Point>
						<coordinates>120.718225110447,23.34141764142235,1134.903689396777</coordinates>
					</Point>
				</Placemark>
				<Placemark id="5E65DC9957000027">
					<name>feongo</name>
					<description><![CDATA[<div><b><span class="font" style="font-family:&quot;Times New Roman&quot;, serif"><span class="size" style="font-size:14pt">mosola
na’no yuyu’eo ho pano moso na’no meoino feongo to ic’o.</span></span></b><br></div>]]></description>
					<LookAt>
						<longitude>120.7348810953557</longitude>
						<latitude>23.33892896176861</latitude>
						<altitude>1797.781241748349</altitude>
						<heading>52.41890360614939</heading>
						<tilt>78.25099441852697</tilt>
						<gx:fovy>35</gx:fovy>
						<range>339.1016057530578</range>
						<altitudeMode>absolute</altitudeMode>
					</LookAt>
					<styleUrl>#__managed_style_0031BCDB7541882D4318</styleUrl>
					<Point>
						<coordinates>120.7351312344922,23.3389886227681,1821.047618774522</coordinates>
					</Point>
				</Placemark>
				<Placemark id="5E65DC9957000028">
					<name>neisakx</name>
					<description><![CDATA[<div><b><span class="font" style="font-family:新細明體, serif"><span class="size" style="font-size:14pt">林班地</span></span><span class="font" style="font-family:&quot;Times New Roman&quot;, serif"><span class="size" style="font-size:14pt">141</span></span><span class="font" style="font-family:新細明體, serif"><span class="size" style="font-size:14pt">號（原有之名稱）</span></span></b><br></div>]]></description>
					<LookAt>
						<longitude>120.7306794054892</longitude>
						<latitude>23.33937922065782</latitude>
						<altitude>1602.521102831504</altitude>
						<heading>128.6841405974846</heading>
						<tilt>63.49630291556609</tilt>
						<gx:fovy>35</gx:fovy>
						<range>1561.286666760861</range>
						<altitudeMode>absolute</altitudeMode>
					</LookAt>
					<styleUrl>#__managed_style_0031BCDB7541882D4318</styleUrl>
					<Point>
						<coordinates>120.7311726149975,23.33517227231899,1480.001254636809</coordinates>
					</Point>
				</Placemark>
				<Placemark id="5E65DC9957000029">
					<name>toipuni</name>
					<description><![CDATA[<div><b><span class="font" style="font-family:新細明體, serif"><span class="size" style="font-size:14pt">林班地</span></span><span class="font" style="font-family:&quot;Times New Roman&quot;, serif"><span class="size" style="font-size:14pt">142</span></span><span class="font" style="font-family:新細明體, serif"><span class="size" style="font-size:14pt">號（原有之名稱）</span></span></b><br></div>]]></description>
					<LookAt>
						<longitude>120.7027880943637</longitude>
						<latitude>23.3176117169649</latitude>
						<altitude>970.4839696021426</altitude>
						<heading>160.7882247851088</heading>
						<tilt>70.08582064190358</tilt>
						<gx:fovy>35</gx:fovy>
						<range>3252.15613938868</range>
						<altitudeMode>absolute</altitudeMode>
					</LookAt>
					<styleUrl>#__managed_style_0031BCDB7541882D4318</styleUrl>
					<Point>
						<coordinates>120.7082927591414,23.31594671685158,1021.200864335493</coordinates>
					</Point>
				</Placemark>
				<Placemark id="5E65DC995700002A">
					<name>mala’aci</name>
					<description><![CDATA[<div><b><span class="font" style="font-family:新細明體, serif"><span class="size" style="font-size:14pt">河流原有之名稱</span></span></b><br></div>]]></description>
					<LookAt>
						<longitude>120.6908304174081</longitude>
						<latitude>23.3282763744871</latitude>
						<altitude>597.3025623583653</altitude>
						<heading>173.3067651046426</heading>
						<tilt>63.01029628697751</tilt>
						<gx:fovy>35</gx:fovy>
						<range>1347.274263443687</range>
						<altitudeMode>absolute</altitudeMode>
					</LookAt>
					<styleUrl>#__managed_style_0031BCDB7541882D4318</styleUrl>
					<Point>
						<coordinates>120.6905355464561,23.32893228672009,530.9431031377621</coordinates>
					</Point>
				</Placemark>
				<Placemark id="5E65DC995700002B">
					<name>mala’aci</name>
					<description><![CDATA[<div><b><span class="font" style="font-family:新細明體, serif"><span class="size" style="font-size:14pt">河流原有之名稱</span></span></b><br></div>]]></description>
					<LookAt>
						<longitude>120.6908304174081</longitude>
						<latitude>23.3282763744871</latitude>
						<altitude>597.3025623583653</altitude>
						<heading>173.3067651046426</heading>
						<tilt>63.01029628697751</tilt>
						<gx:fovy>35</gx:fovy>
						<range>1347.274263443687</range>
						<altitudeMode>absolute</altitudeMode>
					</LookAt>
					<styleUrl>#__managed_style_0031BCDB7541882D4318</styleUrl>
					<Point>
						<coordinates>120.6920040081016,23.33176289014314,553.1853625236294</coordinates>
					</Point>
				</Placemark>
				<Placemark id="5E65DC995700002C">
					<name>yakutu’ana</name>
					<description><![CDATA[<div><b><span class="font" style="font-family:新細明體, serif"><span class="size" style="font-size:14pt">林班地</span></span><span class="font" style="font-family:&quot;Times New Roman&quot;, serif"><span class="size" style="font-size:14pt">142</span></span><span class="font" style="font-family:新細明體, serif"><span class="size" style="font-size:14pt">號（原有之名稱）</span></span></b><br></div>]]></description>
					<LookAt>
						<longitude>120.6943492509395</longitude>
						<latitude>23.32519696345976</latitude>
						<altitude>829.8052307996851</altitude>
						<heading>-178.3725374032792</heading>
						<tilt>75.78501459628933</tilt>
						<gx:fovy>35</gx:fovy>
						<range>1317.99511469726</range>
						<altitudeMode>absolute</altitudeMode>
					</LookAt>
					<styleUrl>#__managed_style_0031BCDB7541882D4318</styleUrl>
					<Point>
						<coordinates>120.6956839452919,23.32498455179171,851.4273498985413</coordinates>
					</Point>
				</Placemark>
				<Placemark id="5E65DC995700002D">
					<name>toeku</name>
					<description><![CDATA[<div><b><span class="font" style="font-family:&quot;Times New Roman&quot;, serif"><span class="size" style="font-size:14pt">toeku
to va’h<s>u</s></span></span></b><br></div>]]></description>
					<LookAt>
						<longitude>120.7311956342423</longitude>
						<latitude>23.34787442598029</latitude>
						<altitude>1325.650097897482</altitude>
						<heading>119.0511802614882</heading>
						<tilt>79.59984553769523</tilt>
						<gx:fovy>35</gx:fovy>
						<range>1200.43397335583</range>
						<altitudeMode>absolute</altitudeMode>
					</LookAt>
					<styleUrl>#__managed_style_0031BCDB7541882D4318</styleUrl>
					<Point>
						<coordinates>120.7306800999024,23.34724642130012,1327.792386004716</coordinates>
					</Point>
				</Placemark>
				<Placemark id="5E65DC995700002E">
					<name>tungkuya</name>
					<description><![CDATA[<div><b><span class="font" style="font-family:&quot;Times New Roman&quot;, serif"><span class="size" style="font-size:14pt">la
yaeza yainca cuu no hicu. pano mosola nana ngohcu ci takupuyanu. la acni
mea’unu to ic’o. ‘ante mea’unu ne c’oeha na a’<s>u</s>mt<s>u</s>si. ko’kola
yainca.</span></span></b><br></div>]]></description>
					<LookAt>
						<longitude>120.6726516427528</longitude>
						<latitude>23.32617251146277</latitude>
						<altitude>384.9895535320867</altitude>
						<heading>-169.1368902585261</heading>
						<tilt>64.61814445736765</tilt>
						<gx:fovy>35</gx:fovy>
						<range>433.891057032306</range>
						<altitudeMode>absolute</altitudeMode>
					</LookAt>
					<styleUrl>#__managed_style_0031BCDB7541882D4318</styleUrl>
					<Point>
						<coordinates>120.6723730500155,23.32656253945016,361.7858069812351</coordinates>
					</Point>
				</Placemark>
				<Placemark id="5E65DC995700002F">
					<name>kuana</name>
					<description><![CDATA[<div><b><span class="font" style="font-family:新細明體, serif"><span class="size" style="font-size:14pt">原始森林區</span></span></b><br></div>]]></description>
					<LookAt>
						<longitude>120.7187306237291</longitude>
						<latitude>23.33974597606715</latitude>
						<altitude>1082.679241329359</altitude>
						<heading>75.85285937630182</heading>
						<tilt>55.997402488478</tilt>
						<gx:fovy>35</gx:fovy>
						<range>2287.004374151293</range>
						<altitudeMode>absolute</altitudeMode>
					</LookAt>
					<styleUrl>#__managed_style_0031BCDB7541882D4318</styleUrl>
					<Point>
						<coordinates>120.7217163199794,23.33591275472805,1130.427039970801</coordinates>
					</Point>
				</Placemark>
				<Placemark id="5E65DC9957000030">
					<name>kakausayx</name>
					<description><![CDATA[<div><b><span class="font" style="font-family:&quot;Times New Roman&quot;, serif"><span class="size" style="font-size:14pt">mo
i’mi ho mosola na’no man’i na evino kausay<s>u</s> to ic’o. la yainca to yata
omia evino puutu.</span></span></b><br></div>]]></description>
					<LookAt>
						<longitude>120.667864207852</longitude>
						<latitude>23.33794167921319</latitude>
						<altitude>551.1316469899039</altitude>
						<heading>-98.83792349620217</heading>
						<tilt>70.08571480691137</tilt>
						<gx:fovy>35</gx:fovy>
						<range>2163.008853096399</range>
						<altitudeMode>absolute</altitudeMode>
					</LookAt>
					<styleUrl>#__managed_style_0031BCDB7541882D4318</styleUrl>
					<Point>
						<coordinates>120.6678934162899,23.34213317082167,713.3210743256185</coordinates>
					</Point>
				</Placemark>
				<Placemark id="5E65DC9957000031">
					<name>pa’eafa</name>
					<description><![CDATA[<div><b><span class="font" style="font-family:&quot;Times New Roman&quot;, serif"><span class="size" style="font-size:14pt">mo
i’mi ho ohola pa’eof’a namo kahk<s>u</s>mn<s>u</s> ci evi</span></span></b><br></div>]]></description>
					<LookAt>
						<longitude>120.7051630250129</longitude>
						<latitude>23.35339682142486</latitude>
						<altitude>1355.331644163142</altitude>
						<heading>45.48507591415031</heading>
						<tilt>67.49729066125467</tilt>
						<gx:fovy>35</gx:fovy>
						<range>708.2245996944403</range>
						<altitudeMode>absolute</altitudeMode>
					</LookAt>
					<styleUrl>#__managed_style_0031BCDB7541882D4318</styleUrl>
					<Point>
						<coordinates>120.705235739755,23.35312290359273,1392.573305468382</coordinates>
					</Point>
				</Placemark>
				<Placemark id="5E65DC9957000032">
					<name>faf’ohx</name>
					<description><![CDATA[<div><b><span class="font" style="font-family:&quot;Times New Roman&quot;, serif"><span class="size" style="font-size:14pt">i’o
ciengona ne cacaya</span></span></b><br></div>]]></description>
					<LookAt>
						<longitude>120.6943285365007</longitude>
						<latitude>23.35810612601733</latitude>
						<altitude>1227.248475035713</altitude>
						<heading>75.8218617312646</heading>
						<tilt>72.47213374294704</tilt>
						<gx:fovy>35</gx:fovy>
						<range>949.6177673048805</range>
						<altitudeMode>absolute</altitudeMode>
					</LookAt>
					<styleUrl>#__managed_style_0031BCDB7541882D4318</styleUrl>
					<Point>
						<coordinates>120.6949550112234,23.35777910711327,1259.160423442226</coordinates>
					</Point>
				</Placemark>
				<Placemark id="5E65DC9957000033">
					<name>yaiku</name>
					<description><![CDATA[<div><b><span class="font" style="font-family:新細明體, serif"><span class="size" style="font-size:14pt">五郡莊連發居住地</span></span></b><br></div>]]></description>
					<LookAt>
						<longitude>120.6740354483227</longitude>
						<latitude>23.33332141231558</latitude>
						<altitude>346.9564004004559</altitude>
						<heading>0</heading>
						<tilt>0</tilt>
						<gx:fovy>35</gx:fovy>
						<range>445.540952864103</range>
						<altitudeMode>absolute</altitudeMode>
					</LookAt>
					<styleUrl>#__managed_style_0031BCDB7541882D4318</styleUrl>
					<Point>
						<coordinates>120.6741637737127,23.33320381418073,348.7783017125401</coordinates>
					</Point>
				</Placemark>
				<Placemark id="5E65DC9957000034">
					<name>taipicana</name>
					<description><![CDATA[<div><b><span class="font" style="font-family:新細明體, serif"><span class="size" style="font-size:14pt">新美茶山之間的小社地名</span></span></b><br></div>]]></description>
					<LookAt>
						<longitude>120.6743268369497</longitude>
						<latitude>23.32080655125712</latitude>
						<altitude>445.1220950449904</altitude>
						<heading>-163.8457684983378</heading>
						<tilt>49.12393843098705</tilt>
						<gx:fovy>35</gx:fovy>
						<range>608.3025385697692</range>
						<altitudeMode>absolute</altitudeMode>
					</LookAt>
					<styleUrl>#__managed_style_0031BCDB7541882D4318</styleUrl>
					<Point>
						<coordinates>120.6739002885326,23.32133215574222,443.9759115930612</coordinates>
					</Point>
				</Placemark>
				<Placemark id="5E65DC9957000035">
					<name>takupuyanx</name>
					<description><![CDATA[<div><b><span class="font" style="font-family: 新細明體, serif;"><span class="size" style="font-size: 14pt;">指新美、荼山地界線之溪流名稱</span></span></b><br></div>]]></description>
					<LookAt>
						<longitude>120.6757771175979</longitude>
						<latitude>23.3339078076004</latitude>
						<altitude>404.2800089787935</altitude>
						<heading>0</heading>
						<tilt>0</tilt>
						<gx:fovy>35</gx:fovy>
						<range>4047.37771921442</range>
						<altitudeMode>absolute</altitudeMode>
					</LookAt>
					<styleUrl>#__managed_style_0031BCDB7541882D4318</styleUrl>
					<Point>
						<coordinates>120.6833559047718,23.3302466855944,406.9853624539796</coordinates>
					</Point>
				</Placemark>
			</Folder>
		</Folder>
	</Folder>
</Document>
</kml>
